data_source,instrument,inclusion,dependency,ma_method,multiverse_id,row_id,es_metric,wright_post,wright_timepoint
corrigendum,primary,all_14,aggregate,dl,corrigendum,1,post_smd,as_published,as_published
corrigendum,primary,no_choi,aggregate,dl,corrigendum,2,post_smd,as_published,as_published
corrigendum,primary,no_moodgym,aggregate,dl,corrigendum,3,post_smd,as_published,as_published
corrigendum,primary,no_small_arms,aggregate,dl,corrigendum,4,post_smd,as_published,as_published
corrigendum,primary,no_kalapatapu,aggregate,dl,corrigendum,5,post_smd,as_published,as_published
corrigendum,primary,all_14,aggregate,reml,corrigendum,6,post_smd,as_published,as_published
corrigendum,primary,no_choi,aggregate,reml,corrigendum,7,post_smd,as_published,as_published
corrigendum,primary,no_moodgym,aggregate,reml,corrigendum,8,post_smd,as_published,as_published
corrigendum,primary,no_small_arms,aggregate,reml,corrigendum,9,post_smd,as_published,as_published
corrigendum,primary,no_kalapatapu,aggregate,reml,corrigendum,10,post_smd,as_published,as_published
corrigendum,primary,all_14,aggregate,pm,corrigendum,11,post_smd,as_published,as_published
corrigendum,primary,no_choi,aggregate,pm,corrigendum,12,post_smd,as_published,as_published
corrigendum,primary,no_moodgym,aggregate,pm,corrigendum,13,post_smd,as_published,as_published
corrigendum,primary,no_small_arms,aggregate,pm,corrigendum,14,post_smd,as_published,as_published
corrigendum,primary,no_kalapatapu,aggregate,pm,corrigendum,15,post_smd,as_published,as_published
corrigendum,primary,all_14,aggregate,dl_hksj,corrigendum,16,post_smd,as_published,as_published
corrigendum,primary,no_choi,aggregate,dl_hksj,corrigendum,17,post_smd,as_published,as_published
corrigendum,primary,no_moodgym,aggregate,dl_hksj,corrigendum,18,post_smd,as_published,as_published
corrigendum,primary,no_small_arms,aggregate,dl_hksj,corrigendum,19,post_smd,as_published,as_published
corrigendum,primary,no_kalapatapu,aggregate,dl_hksj,corrigendum,20,post_smd,as_published,as_published
corrigendum,primary,all_14,aggregate,reml_hksj,corrigendum,21,post_smd,as_published,as_published
corrigendum,primary,no_choi,aggregate,reml_hksj,corrigendum,22,post_smd,as_published,as_published
corrigendum,primary,no_moodgym,aggregate,reml_hksj,corrigendum,23,post_smd,as_published,as_published
corrigendum,primary,no_small_arms,aggregate,reml_hksj,corrigendum,24,post_smd,as_published,as_published
corrigendum,primary,no_kalapatapu,aggregate,reml_hksj,corrigendum,25,post_smd,as_published,as_published
corrigendum,primary,all_14,aggregate,pm_hksj,corrigendum,26,post_smd,as_published,as_published
corrigendum,primary,no_choi,aggregate,pm_hksj,corrigendum,27,post_smd,as_published,as_published
corrigendum,primary,no_moodgym,aggregate,pm_hksj,corrigendum,28,post_smd,as_published,as_published
corrigendum,primary,no_small_arms,aggregate,pm_hksj,corrigendum,29,post_smd,as_published,as_published
corrigendum,primary,no_kalapatapu,aggregate,pm_hksj,corrigendum,30,post_smd,as_published,as_published
corrigendum,primary,all_14,aggregate,dl,corrigendum,1,chg_smd_r0.3,not_applicable,as_published
corrigendum,primary,no_choi,aggregate,dl,corrigendum,2,chg_smd_r0.3,not_applicable,as_published
corrigendum,primary,no_moodgym,aggregate,dl,corrigendum,3,chg_smd_r0.3,not_applicable,as_published
corrigendum,primary,no_small_arms,aggregate,dl,corrigendum,4,chg_smd_r0.3,not_applicable,as_published
corrigendum,primary,no_kalapatapu,aggregate,dl,corrigendum,5,chg_smd_r0.3,not_applicable,as_published
corrigendum,primary,all_14,aggregate,reml,corrigendum,6,chg_smd_r0.3,not_applicable,as_published
corrigendum,primary,no_choi,aggregate,reml,corrigendum,7,chg_smd_r0.3,not_applicable,as_published
corrigendum,primary,no_moodgym,aggregate,reml,corrigendum,8,chg_smd_r0.3,not_applicable,as_published
corrigendum,primary,no_small_arms,aggregate,reml,corrigendum,9,chg_smd_r0.3,not_applicable,as_published
corrigendum,primary,no_kalapatapu,aggregate,reml,corrigendum,10,chg_smd_r0.3,not_applicable,as_published
corrigendum,primary,all_14,aggregate,pm,corrigendum,11,chg_smd_r0.3,not_applicable,as_published
corrigendum,primary,no_choi,aggregate,pm,corrigendum,12,chg_smd_r0.3,not_applicable,as_published
corrigendum,primary,no_moodgym,aggregate,pm,corrigendum,13,chg_smd_r0.3,not_applicable,as_published
corrigendum,primary,no_small_arms,aggregate,pm,corrigendum,14,chg_smd_r0.3,not_applicable,as_published
corrigendum,primary,no_kalapatapu,aggregate,pm,corrigendum,15,chg_smd_r0.3,not_applicable,as_published
corrigendum,primary,all_14,aggregate,dl_hksj,corrigendum,16,chg_smd_r0.3,not_applicable,as_published
corrigendum,primary,no_choi,aggregate,dl_hksj,corrigendum,17,chg_smd_r0.3,not_applicable,as_published
corrigendum,primary,no_moodgym,aggregate,dl_hksj,corrigendum,18,chg_smd_r0.3,not_applicable,as_published
corrigendum,primary,no_small_arms,aggregate,dl_hksj,corrigendum,19,chg_smd_r0.3,not_applicable,as_published
corrigendum,primary,no_kalapatapu,aggregate,dl_hksj,corrigendum,20,chg_smd_r0.3,not_applicable,as_published
corrigendum,primary,all_14,aggregate,reml_hksj,corrigendum,21,chg_smd_r0.3,not_applicable,as_published
corrigendum,primary,no_choi,aggregate,reml_hksj,corrigendum,22,chg_smd_r0.3,not_applicable,as_published
corrigendum,primary,no_moodgym,aggregate,reml_hksj,corrigendum,23,chg_smd_r0.3,not_applicable,as_published
corrigendum,primary,no_small_arms,aggregate,reml_hksj,corrigendum,24,chg_smd_r0.3,not_applicable,as_published
corrigendum,primary,no_kalapatapu,aggregate,reml_hksj,corrigendum,25,chg_smd_r0.3,not_applicable,as_published
corrigendum,primary,all_14,aggregate,pm_hksj,corrigendum,26,chg_smd_r0.3,not_applicable,as_published
corrigendum,primary,no_choi,aggregate,pm_hksj,corrigendum,27,chg_smd_r0.3,not_applicable,as_published
corrigendum,primary,no_moodgym,aggregate,pm_hksj,corrigendum,28,chg_smd_r0.3,not_applicable,as_published
corrigendum,primary,no_small_arms,aggregate,pm_hksj,corrigendum,29,chg_smd_r0.3,not_applicable,as_published
corrigendum,primary,no_kalapatapu,aggregate,pm_hksj,corrigendum,30,chg_smd_r0.3,not_applicable,as_published
corrigendum,primary,all_14,aggregate,dl,corrigendum,1,chg_smd_r0.6,not_applicable,as_published
corrigendum,primary,no_choi,aggregate,dl,corrigendum,2,chg_smd_r0.6,not_applicable,as_published
corrigendum,primary,no_moodgym,aggregate,dl,corrigendum,3,chg_smd_r0.6,not_applicable,as_published
corrigendum,primary,no_small_arms,aggregate,dl,corrigendum,4,chg_smd_r0.6,not_applicable,as_published
corrigendum,primary,no_kalapatapu,aggregate,dl,corrigendum,5,chg_smd_r0.6,not_applicable,as_published
corrigendum,primary,all_14,aggregate,reml,corrigendum,6,chg_smd_r0.6,not_applicable,as_published
corrigendum,primary,no_choi,aggregate,reml,corrigendum,7,chg_smd_r0.6,not_applicable,as_published
corrigendum,primary,no_moodgym,aggregate,reml,corrigendum,8,chg_smd_r0.6,not_applicable,as_published
corrigendum,primary,no_small_arms,aggregate,reml,corrigendum,9,chg_smd_r0.6,not_applicable,as_published
corrigendum,primary,no_kalapatapu,aggregate,reml,corrigendum,10,chg_smd_r0.6,not_applicable,as_published
corrigendum,primary,all_14,aggregate,pm,corrigendum,11,chg_smd_r0.6,not_applicable,as_published
corrigendum,primary,no_choi,aggregate,pm,corrigendum,12,chg_smd_r0.6,not_applicable,as_published
corrigendum,primary,no_moodgym,aggregate,pm,corrigendum,13,chg_smd_r0.6,not_applicable,as_published
corrigendum,primary,no_small_arms,aggregate,pm,corrigendum,14,chg_smd_r0.6,not_applicable,as_published
corrigendum,primary,no_kalapatapu,aggregate,pm,corrigendum,15,chg_smd_r0.6,not_applicable,as_published
corrigendum,primary,all_14,aggregate,dl_hksj,corrigendum,16,chg_smd_r0.6,not_applicable,as_published
corrigendum,primary,no_choi,aggregate,dl_hksj,corrigendum,17,chg_smd_r0.6,not_applicable,as_published
corrigendum,primary,no_moodgym,aggregate,dl_hksj,corrigendum,18,chg_smd_r0.6,not_applicable,as_published
corrigendum,primary,no_small_arms,aggregate,dl_hksj,corrigendum,19,chg_smd_r0.6,not_applicable,as_published
corrigendum,primary,no_kalapatapu,aggregate,dl_hksj,corrigendum,20,chg_smd_r0.6,not_applicable,as_published
corrigendum,primary,all_14,aggregate,reml_hksj,corrigendum,21,chg_smd_r0.6,not_applicable,as_published
corrigendum,primary,no_choi,aggregate,reml_hksj,corrigendum,22,chg_smd_r0.6,not_applicable,as_published
corrigendum,primary,no_moodgym,aggregate,reml_hksj,corrigendum,23,chg_smd_r0.6,not_applicable,as_published
corrigendum,primary,no_small_arms,aggregate,reml_hksj,corrigendum,24,chg_smd_r0.6,not_applicable,as_published
corrigendum,primary,no_kalapatapu,aggregate,reml_hksj,corrigendum,25,chg_smd_r0.6,not_applicable,as_published
corrigendum,primary,all_14,aggregate,pm_hksj,corrigendum,26,chg_smd_r0.6,not_applicable,as_published
corrigendum,primary,no_choi,aggregate,pm_hksj,corrigendum,27,chg_smd_r0.6,not_applicable,as_published
corrigendum,primary,no_moodgym,aggregate,pm_hksj,corrigendum,28,chg_smd_r0.6,not_applicable,as_published
corrigendum,primary,no_small_arms,aggregate,pm_hksj,corrigendum,29,chg_smd_r0.6,not_applicable,as_published
corrigendum,primary,no_kalapatapu,aggregate,pm_hksj,corrigendum,30,chg_smd_r0.6,not_applicable,as_published
corrigendum,primary,all_14,aggregate,dl,corrigendum,1,smc_r0.3,not_applicable,as_published
corrigendum,primary,no_choi,aggregate,dl,corrigendum,2,smc_r0.3,not_applicable,as_published
corrigendum,primary,no_moodgym,aggregate,dl,corrigendum,3,smc_r0.3,not_applicable,as_published
corrigendum,primary,no_small_arms,aggregate,dl,corrigendum,4,smc_r0.3,not_applicable,as_published
corrigendum,primary,no_kalapatapu,aggregate,dl,corrigendum,5,smc_r0.3,not_applicable,as_published
corrigendum,primary,all_14,aggregate,reml,corrigendum,6,smc_r0.3,not_applicable,as_published
corrigendum,primary,no_choi,aggregate,reml,corrigendum,7,smc_r0.3,not_applicable,as_published
corrigendum,primary,no_moodgym,aggregate,reml,corrigendum,8,smc_r0.3,not_applicable,as_published
corrigendum,primary,no_small_arms,aggregate,reml,corrigendum,9,smc_r0.3,not_applicable,as_published
corrigendum,primary,no_kalapatapu,aggregate,reml,corrigendum,10,smc_r0.3,not_applicable,as_published
corrigendum,primary,all_14,aggregate,pm,corrigendum,11,smc_r0.3,not_applicable,as_published
corrigendum,primary,no_choi,aggregate,pm,corrigendum,12,smc_r0.3,not_applicable,as_published
corrigendum,primary,no_moodgym,aggregate,pm,corrigendum,13,smc_r0.3,not_applicable,as_published
corrigendum,primary,no_small_arms,aggregate,pm,corrigendum,14,smc_r0.3,not_applicable,as_published
corrigendum,primary,no_kalapatapu,aggregate,pm,corrigendum,15,smc_r0.3,not_applicable,as_published
corrigendum,primary,all_14,aggregate,dl_hksj,corrigendum,16,smc_r0.3,not_applicable,as_published
corrigendum,primary,no_choi,aggregate,dl_hksj,corrigendum,17,smc_r0.3,not_applicable,as_published
corrigendum,primary,no_moodgym,aggregate,dl_hksj,corrigendum,18,smc_r0.3,not_applicable,as_published
corrigendum,primary,no_small_arms,aggregate,dl_hksj,corrigendum,19,smc_r0.3,not_applicable,as_published
corrigendum,primary,no_kalapatapu,aggregate,dl_hksj,corrigendum,20,smc_r0.3,not_applicable,as_published
corrigendum,primary,all_14,aggregate,reml_hksj,corrigendum,21,smc_r0.3,not_applicable,as_published
corrigendum,primary,no_choi,aggregate,reml_hksj,corrigendum,22,smc_r0.3,not_applicable,as_published
corrigendum,primary,no_moodgym,aggregate,reml_hksj,corrigendum,23,smc_r0.3,not_applicable,as_published
corrigendum,primary,no_small_arms,aggregate,reml_hksj,corrigendum,24,smc_r0.3,not_applicable,as_published
corrigendum,primary,no_kalapatapu,aggregate,reml_hksj,corrigendum,25,smc_r0.3,not_applicable,as_published
corrigendum,primary,all_14,aggregate,pm_hksj,corrigendum,26,smc_r0.3,not_applicable,as_published
corrigendum,primary,no_choi,aggregate,pm_hksj,corrigendum,27,smc_r0.3,not_applicable,as_published
corrigendum,primary,no_moodgym,aggregate,pm_hksj,corrigendum,28,smc_r0.3,not_applicable,as_published
corrigendum,primary,no_small_arms,aggregate,pm_hksj,corrigendum,29,smc_r0.3,not_applicable,as_published
corrigendum,primary,no_kalapatapu,aggregate,pm_hksj,corrigendum,30,smc_r0.3,not_applicable,as_published
corrigendum,primary,all_14,aggregate,dl,corrigendum,1,smc_r0.5,not_applicable,as_published
corrigendum,primary,no_choi,aggregate,dl,corrigendum,2,smc_r0.5,not_applicable,as_published
corrigendum,primary,no_moodgym,aggregate,dl,corrigendum,3,smc_r0.5,not_applicable,as_published
corrigendum,primary,no_small_arms,aggregate,dl,corrigendum,4,smc_r0.5,not_applicable,as_published
corrigendum,primary,no_kalapatapu,aggregate,dl,corrigendum,5,smc_r0.5,not_applicable,as_published
corrigendum,primary,all_14,aggregate,reml,corrigendum,6,smc_r0.5,not_applicable,as_published
corrigendum,primary,no_choi,aggregate,reml,corrigendum,7,smc_r0.5,not_applicable,as_published
corrigendum,primary,no_moodgym,aggregate,reml,corrigendum,8,smc_r0.5,not_applicable,as_published
corrigendum,primary,no_small_arms,aggregate,reml,corrigendum,9,smc_r0.5,not_applicable,as_published
corrigendum,primary,no_kalapatapu,aggregate,reml,corrigendum,10,smc_r0.5,not_applicable,as_published
corrigendum,primary,all_14,aggregate,pm,corrigendum,11,smc_r0.5,not_applicable,as_published
corrigendum,primary,no_choi,aggregate,pm,corrigendum,12,smc_r0.5,not_applicable,as_published
corrigendum,primary,no_moodgym,aggregate,pm,corrigendum,13,smc_r0.5,not_applicable,as_published
corrigendum,primary,no_small_arms,aggregate,pm,corrigendum,14,smc_r0.5,not_applicable,as_published
corrigendum,primary,no_kalapatapu,aggregate,pm,corrigendum,15,smc_r0.5,not_applicable,as_published
corrigendum,primary,all_14,aggregate,dl_hksj,corrigendum,16,smc_r0.5,not_applicable,as_published
corrigendum,primary,no_choi,aggregate,dl_hksj,corrigendum,17,smc_r0.5,not_applicable,as_published
corrigendum,primary,no_moodgym,aggregate,dl_hksj,corrigendum,18,smc_r0.5,not_applicable,as_published
corrigendum,primary,no_small_arms,aggregate,dl_hksj,corrigendum,19,smc_r0.5,not_applicable,as_published
corrigendum,primary,no_kalapatapu,aggregate,dl_hksj,corrigendum,20,smc_r0.5,not_applicable,as_published
corrigendum,primary,all_14,aggregate,reml_hksj,corrigendum,21,smc_r0.5,not_applicable,as_published
corrigendum,primary,no_choi,aggregate,reml_hksj,corrigendum,22,smc_r0.5,not_applicable,as_published
corrigendum,primary,no_moodgym,aggregate,reml_hksj,corrigendum,23,smc_r0.5,not_applicable,as_published
corrigendum,primary,no_small_arms,aggregate,reml_hksj,corrigendum,24,smc_r0.5,not_applicable,as_published
corrigendum,primary,no_kalapatapu,aggregate,reml_hksj,corrigendum,25,smc_r0.5,not_applicable,as_published
corrigendum,primary,all_14,aggregate,pm_hksj,corrigendum,26,smc_r0.5,not_applicable,as_published
corrigendum,primary,no_choi,aggregate,pm_hksj,corrigendum,27,smc_r0.5,not_applicable,as_published
corrigendum,primary,no_moodgym,aggregate,pm_hksj,corrigendum,28,smc_r0.5,not_applicable,as_published
corrigendum,primary,no_small_arms,aggregate,pm_hksj,corrigendum,29,smc_r0.5,not_applicable,as_published
corrigendum,primary,no_kalapatapu,aggregate,pm_hksj,corrigendum,30,smc_r0.5,not_applicable,as_published
corrigendum,primary,all_14,aggregate,dl,corrigendum,1,smc_r0.7,not_applicable,as_published
corrigendum,primary,no_choi,aggregate,dl,corrigendum,2,smc_r0.7,not_applicable,as_published
corrigendum,primary,no_moodgym,aggregate,dl,corrigendum,3,smc_r0.7,not_applicable,as_published
corrigendum,primary,no_small_arms,aggregate,dl,corrigendum,4,smc_r0.7,not_applicable,as_published
corrigendum,primary,no_kalapatapu,aggregate,dl,corrigendum,5,smc_r0.7,not_applicable,as_published
corrigendum,primary,all_14,aggregate,reml,corrigendum,6,smc_r0.7,not_applicable,as_published
corrigendum,primary,no_choi,aggregate,reml,corrigendum,7,smc_r0.7,not_applicable,as_published
corrigendum,primary,no_moodgym,aggregate,reml,corrigendum,8,smc_r0.7,not_applicable,as_published
corrigendum,primary,no_small_arms,aggregate,reml,corrigendum,9,smc_r0.7,not_applicable,as_published
corrigendum,primary,no_kalapatapu,aggregate,reml,corrigendum,10,smc_r0.7,not_applicable,as_published
corrigendum,primary,all_14,aggregate,pm,corrigendum,11,smc_r0.7,not_applicable,as_published
corrigendum,primary,no_choi,aggregate,pm,corrigendum,12,smc_r0.7,not_applicable,as_published
corrigendum,primary,no_moodgym,aggregate,pm,corrigendum,13,smc_r0.7,not_applicable,as_published
corrigendum,primary,no_small_arms,aggregate,pm,corrigendum,14,smc_r0.7,not_applicable,as_published
corrigendum,primary,no_kalapatapu,aggregate,pm,corrigendum,15,smc_r0.7,not_applicable,as_published
corrigendum,primary,all_14,aggregate,dl_hksj,corrigendum,16,smc_r0.7,not_applicable,as_published
corrigendum,primary,no_choi,aggregate,dl_hksj,corrigendum,17,smc_r0.7,not_applicable,as_published
corrigendum,primary,no_moodgym,aggregate,dl_hksj,corrigendum,18,smc_r0.7,not_applicable,as_published
corrigendum,primary,no_small_arms,aggregate,dl_hksj,corrigendum,19,smc_r0.7,not_applicable,as_published
corrigendum,primary,no_kalapatapu,aggregate,dl_hksj,corrigendum,20,smc_r0.7,not_applicable,as_published
corrigendum,primary,all_14,aggregate,reml_hksj,corrigendum,21,smc_r0.7,not_applicable,as_published
corrigendum,primary,no_choi,aggregate,reml_hksj,corrigendum,22,smc_r0.7,not_applicable,as_published
corrigendum,primary,no_moodgym,aggregate,reml_hksj,corrigendum,23,smc_r0.7,not_applicable,as_published
corrigendum,primary,no_small_arms,aggregate,reml_hksj,corrigendum,24,smc_r0.7,not_applicable,as_published
corrigendum,primary,no_kalapatapu,aggregate,reml_hksj,corrigendum,25,smc_r0.7,not_applicable,as_published
corrigendum,primary,all_14,aggregate,pm_hksj,corrigendum,26,smc_r0.7,not_applicable,as_published
corrigendum,primary,no_choi,aggregate,pm_hksj,corrigendum,27,smc_r0.7,not_applicable,as_published
corrigendum,primary,no_moodgym,aggregate,pm_hksj,corrigendum,28,smc_r0.7,not_applicable,as_published
corrigendum,primary,no_small_arms,aggregate,pm_hksj,corrigendum,29,smc_r0.7,not_applicable,as_published
corrigendum,primary,no_kalapatapu,aggregate,pm_hksj,corrigendum,30,smc_r0.7,not_applicable,as_published
corrigendum,primary,all_14,aggregate,dl,corrigendum,1,smc_r0.9,not_applicable,as_published
corrigendum,primary,no_choi,aggregate,dl,corrigendum,2,smc_r0.9,not_applicable,as_published
corrigendum,primary,no_moodgym,aggregate,dl,corrigendum,3,smc_r0.9,not_applicable,as_published
corrigendum,primary,no_small_arms,aggregate,dl,corrigendum,4,smc_r0.9,not_applicable,as_published
corrigendum,primary,no_kalapatapu,aggregate,dl,corrigendum,5,smc_r0.9,not_applicable,as_published
corrigendum,primary,all_14,aggregate,reml,corrigendum,6,smc_r0.9,not_applicable,as_published
corrigendum,primary,no_choi,aggregate,reml,corrigendum,7,smc_r0.9,not_applicable,as_published
corrigendum,primary,no_moodgym,aggregate,reml,corrigendum,8,smc_r0.9,not_applicable,as_published
corrigendum,primary,no_small_arms,aggregate,reml,corrigendum,9,smc_r0.9,not_applicable,as_published
corrigendum,primary,no_kalapatapu,aggregate,reml,corrigendum,10,smc_r0.9,not_applicable,as_published
corrigendum,primary,all_14,aggregate,pm,corrigendum,11,smc_r0.9,not_applicable,as_published
corrigendum,primary,no_choi,aggregate,pm,corrigendum,12,smc_r0.9,not_applicable,as_published
corrigendum,primary,no_moodgym,aggregate,pm,corrigendum,13,smc_r0.9,not_applicable,as_published
corrigendum,primary,no_small_arms,aggregate,pm,corrigendum,14,smc_r0.9,not_applicable,as_published
corrigendum,primary,no_kalapatapu,aggregate,pm,corrigendum,15,smc_r0.9,not_applicable,as_published
corrigendum,primary,all_14,aggregate,dl_hksj,corrigendum,16,smc_r0.9,not_applicable,as_published
corrigendum,primary,no_choi,aggregate,dl_hksj,corrigendum,17,smc_r0.9,not_applicable,as_published
corrigendum,primary,no_moodgym,aggregate,dl_hksj,corrigendum,18,smc_r0.9,not_applicable,as_published
corrigendum,primary,no_small_arms,aggregate,dl_hksj,corrigendum,19,smc_r0.9,not_applicable,as_published
corrigendum,primary,no_kalapatapu,aggregate,dl_hksj,corrigendum,20,smc_r0.9,not_applicable,as_published
corrigendum,primary,all_14,aggregate,reml_hksj,corrigendum,21,smc_r0.9,not_applicable,as_published
corrigendum,primary,no_choi,aggregate,reml_hksj,corrigendum,22,smc_r0.9,not_applicable,as_published
corrigendum,primary,no_moodgym,aggregate,reml_hksj,corrigendum,23,smc_r0.9,not_applicable,as_published
corrigendum,primary,no_small_arms,aggregate,reml_hksj,corrigendum,24,smc_r0.9,not_applicable,as_published
corrigendum,primary,no_kalapatapu,aggregate,reml_hksj,corrigendum,25,smc_r0.9,not_applicable,as_published
corrigendum,primary,all_14,aggregate,pm_hksj,corrigendum,26,smc_r0.9,not_applicable,as_published
corrigendum,primary,no_choi,aggregate,pm_hksj,corrigendum,27,smc_r0.9,not_applicable,as_published
corrigendum,primary,no_moodgym,aggregate,pm_hksj,corrigendum,28,smc_r0.9,not_applicable,as_published
corrigendum,primary,no_small_arms,aggregate,pm_hksj,corrigendum,29,smc_r0.9,not_applicable,as_published
corrigendum,primary,no_kalapatapu,aggregate,pm_hksj,corrigendum,30,smc_r0.9,not_applicable,as_published
kriston,primary,all_14,aggregate,dl,kriston,1,post_smd,derived_borrowed_sd,endpoint_itt
kriston,primary,no_choi,aggregate,dl,kriston,2,post_smd,derived_borrowed_sd,endpoint_itt
kriston,primary,no_moodgym,aggregate,dl,kriston,3,post_smd,derived_borrowed_sd,endpoint_itt
kriston,primary,no_small_arms,aggregate,dl,kriston,4,post_smd,derived_borrowed_sd,endpoint_itt
kriston,primary,no_kalapatapu,aggregate,dl,kriston,5,post_smd,derived_borrowed_sd,endpoint_itt
kriston,primary,all_14,aggregate,reml,kriston,6,post_smd,derived_borrowed_sd,endpoint_itt
kriston,primary,no_choi,aggregate,reml,kriston,7,post_smd,derived_borrowed_sd,endpoint_itt
kriston,primary,no_moodgym,aggregate,reml,kriston,8,post_smd,derived_borrowed_sd,endpoint_itt
kriston,primary,no_small_arms,aggregate,reml,kriston,9,post_smd,derived_borrowed_sd,endpoint_itt
kriston,primary,no_kalapatapu,aggregate,reml,kriston,10,post_smd,derived_borrowed_sd,endpoint_itt
kriston,primary,all_14,aggregate,pm,kriston,11,post_smd,derived_borrowed_sd,endpoint_itt
kriston,primary,no_choi,aggregate,pm,kriston,12,post_smd,derived_borrowed_sd,endpoint_itt
kriston,primary,no_moodgym,aggregate,pm,kriston,13,post_smd,derived_borrowed_sd,endpoint_itt
kriston,primary,no_small_arms,aggregate,pm,kriston,14,post_smd,derived_borrowed_sd,endpoint_itt
kriston,primary,no_kalapatapu,aggregate,pm,kriston,15,post_smd,derived_borrowed_sd,endpoint_itt
kriston,primary,all_14,aggregate,dl_hksj,kriston,16,post_smd,derived_borrowed_sd,endpoint_itt
kriston,primary,no_choi,aggregate,dl_hksj,kriston,17,post_smd,derived_borrowed_sd,endpoint_itt
kriston,primary,no_moodgym,aggregate,dl_hksj,kriston,18,post_smd,derived_borrowed_sd,endpoint_itt
kriston,primary,no_small_arms,aggregate,dl_hksj,kriston,19,post_smd,derived_borrowed_sd,endpoint_itt
kriston,primary,no_kalapatapu,aggregate,dl_hksj,kriston,20,post_smd,derived_borrowed_sd,endpoint_itt
kriston,primary,all_14,aggregate,reml_hksj,kriston,21,post_smd,derived_borrowed_sd,endpoint_itt
kriston,primary,no_choi,aggregate,reml_hksj,kriston,22,post_smd,derived_borrowed_sd,endpoint_itt
kriston,primary,no_moodgym,aggregate,reml_hksj,kriston,23,post_smd,derived_borrowed_sd,endpoint_itt
kriston,primary,no_small_arms,aggregate,reml_hksj,kriston,24,post_smd,derived_borrowed_sd,endpoint_itt
kriston,primary,no_kalapatapu,aggregate,reml_hksj,kriston,25,post_smd,derived_borrowed_sd,endpoint_itt
kriston,primary,all_14,aggregate,pm_hksj,kriston,26,post_smd,derived_borrowed_sd,endpoint_itt
kriston,primary,no_choi,aggregate,pm_hksj,kriston,27,post_smd,derived_borrowed_sd,endpoint_itt
kriston,primary,no_moodgym,aggregate,pm_hksj,kriston,28,post_smd,derived_borrowed_sd,endpoint_itt
kriston,primary,no_small_arms,aggregate,pm_hksj,kriston,29,post_smd,derived_borrowed_sd,endpoint_itt
kriston,primary,no_kalapatapu,aggregate,pm_hksj,kriston,30,post_smd,derived_borrowed_sd,endpoint_itt
kriston,primary,all_14,aggregate,dl,kriston,1,post_smd,change_smd,endpoint_itt
kriston,primary,no_choi,aggregate,dl,kriston,2,post_smd,change_smd,endpoint_itt
kriston,primary,no_moodgym,aggregate,dl,kriston,3,post_smd,change_smd,endpoint_itt
kriston,primary,no_small_arms,aggregate,dl,kriston,4,post_smd,change_smd,endpoint_itt
kriston,primary,no_kalapatapu,aggregate,dl,kriston,5,post_smd,change_smd,endpoint_itt
kriston,primary,all_14,aggregate,reml,kriston,6,post_smd,change_smd,endpoint_itt
kriston,primary,no_choi,aggregate,reml,kriston,7,post_smd,change_smd,endpoint_itt
kriston,primary,no_moodgym,aggregate,reml,kriston,8,post_smd,change_smd,endpoint_itt
kriston,primary,no_small_arms,aggregate,reml,kriston,9,post_smd,change_smd,endpoint_itt
kriston,primary,no_kalapatapu,aggregate,reml,kriston,10,post_smd,change_smd,endpoint_itt
kriston,primary,all_14,aggregate,pm,kriston,11,post_smd,change_smd,endpoint_itt
kriston,primary,no_choi,aggregate,pm,kriston,12,post_smd,change_smd,endpoint_itt
kriston,primary,no_moodgym,aggregate,pm,kriston,13,post_smd,change_smd,endpoint_itt
kriston,primary,no_small_arms,aggregate,pm,kriston,14,post_smd,change_smd,endpoint_itt
kriston,primary,no_kalapatapu,aggregate,pm,kriston,15,post_smd,change_smd,endpoint_itt
kriston,primary,all_14,aggregate,dl_hksj,kriston,16,post_smd,change_smd,endpoint_itt
kriston,primary,no_choi,aggregate,dl_hksj,kriston,17,post_smd,change_smd,endpoint_itt
kriston,primary,no_moodgym,aggregate,dl_hksj,kriston,18,post_smd,change_smd,endpoint_itt
kriston,primary,no_small_arms,aggregate,dl_hksj,kriston,19,post_smd,change_smd,endpoint_itt
kriston,primary,no_kalapatapu,aggregate,dl_hksj,kriston,20,post_smd,change_smd,endpoint_itt
kriston,primary,all_14,aggregate,reml_hksj,kriston,21,post_smd,change_smd,endpoint_itt
kriston,primary,no_choi,aggregate,reml_hksj,kriston,22,post_smd,change_smd,endpoint_itt
kriston,primary,no_moodgym,aggregate,reml_hksj,kriston,23,post_smd,change_smd,endpoint_itt
kriston,primary,no_small_arms,aggregate,reml_hksj,kriston,24,post_smd,change_smd,endpoint_itt
kriston,primary,no_kalapatapu,aggregate,reml_hksj,kriston,25,post_smd,change_smd,endpoint_itt
kriston,primary,all_14,aggregate,pm_hksj,kriston,26,post_smd,change_smd,endpoint_itt
kriston,primary,no_choi,aggregate,pm_hksj,kriston,27,post_smd,change_smd,endpoint_itt
kriston,primary,no_moodgym,aggregate,pm_hksj,kriston,28,post_smd,change_smd,endpoint_itt
kriston,primary,no_small_arms,aggregate,pm_hksj,kriston,29,post_smd,change_smd,endpoint_itt
kriston,primary,no_kalapatapu,aggregate,pm_hksj,kriston,30,post_smd,change_smd,endpoint_itt
kriston,primary,all_14,aggregate,dl,kriston,1,post_smd,exclude,not_applicable
kriston,primary,no_choi,aggregate,dl,kriston,2,post_smd,exclude,not_applicable
kriston,primary,no_moodgym,aggregate,dl,kriston,3,post_smd,exclude,not_applicable
kriston,primary,no_small_arms,aggregate,dl,kriston,4,post_smd,exclude,not_applicable
kriston,primary,no_kalapatapu,aggregate,dl,kriston,5,post_smd,exclude,not_applicable
kriston,primary,all_14,aggregate,reml,kriston,6,post_smd,exclude,not_applicable
kriston,primary,no_choi,aggregate,reml,kriston,7,post_smd,exclude,not_applicable
kriston,primary,no_moodgym,aggregate,reml,kriston,8,post_smd,exclude,not_applicable
kriston,primary,no_small_arms,aggregate,reml,kriston,9,post_smd,exclude,not_applicable
kriston,primary,no_kalapatapu,aggregate,reml,kriston,10,post_smd,exclude,not_applicable
kriston,primary,all_14,aggregate,pm,kriston,11,post_smd,exclude,not_applicable
kriston,primary,no_choi,aggregate,pm,kriston,12,post_smd,exclude,not_applicable
kriston,primary,no_moodgym,aggregate,pm,kriston,13,post_smd,exclude,not_applicable
kriston,primary,no_small_arms,aggregate,pm,kriston,14,post_smd,exclude,not_applicable
kriston,primary,no_kalapatapu,aggregate,pm,kriston,15,post_smd,exclude,not_applicable
kriston,primary,all_14,aggregate,dl_hksj,kriston,16,post_smd,exclude,not_applicable
kriston,primary,no_choi,aggregate,dl_hksj,kriston,17,post_smd,exclude,not_applicable
kriston,primary,no_moodgym,aggregate,dl_hksj,kriston,18,post_smd,exclude,not_applicable
kriston,primary,no_small_arms,aggregate,dl_hksj,kriston,19,post_smd,exclude,not_applicable
kriston,primary,no_kalapatapu,aggregate,dl_hksj,kriston,20,post_smd,exclude,not_applicable
kriston,primary,all_14,aggregate,reml_hksj,kriston,21,post_smd,exclude,not_applicable
kriston,primary,no_choi,aggregate,reml_hksj,kriston,22,post_smd,exclude,not_applicable
kriston,primary,no_moodgym,aggregate,reml_hksj,kriston,23,post_smd,exclude,not_applicable
kriston,primary,no_small_arms,aggregate,reml_hksj,kriston,24,post_smd,exclude,not_applicable
kriston,primary,no_kalapatapu,aggregate,reml_hksj,kriston,25,post_smd,exclude,not_applicable
kriston,primary,all_14,aggregate,pm_hksj,kriston,26,post_smd,exclude,not_applicable
kriston,primary,no_choi,aggregate,pm_hksj,kriston,27,post_smd,exclude,not_applicable
kriston,primary,no_moodgym,aggregate,pm_hksj,kriston,28,post_smd,exclude,not_applicable
kriston,primary,no_small_arms,aggregate,pm_hksj,kriston,29,post_smd,exclude,not_applicable
kriston,primary,no_kalapatapu,aggregate,pm_hksj,kriston,30,post_smd,exclude,not_applicable
kriston,primary,all_14,aggregate,dl,kriston,1,chg_smd_r0.3,not_applicable,endpoint_itt
kriston,primary,no_choi,aggregate,dl,kriston,2,chg_smd_r0.3,not_applicable,endpoint_itt
kriston,primary,no_moodgym,aggregate,dl,kriston,3,chg_smd_r0.3,not_applicable,endpoint_itt
kriston,primary,no_small_arms,aggregate,dl,kriston,4,chg_smd_r0.3,not_applicable,endpoint_itt
kriston,primary,no_kalapatapu,aggregate,dl,kriston,5,chg_smd_r0.3,not_applicable,endpoint_itt
kriston,primary,all_14,aggregate,reml,kriston,6,chg_smd_r0.3,not_applicable,endpoint_itt
kriston,primary,no_choi,aggregate,reml,kriston,7,chg_smd_r0.3,not_applicable,endpoint_itt
kriston,primary,no_moodgym,aggregate,reml,kriston,8,chg_smd_r0.3,not_applicable,endpoint_itt
kriston,primary,no_small_arms,aggregate,reml,kriston,9,chg_smd_r0.3,not_applicable,endpoint_itt
kriston,primary,no_kalapatapu,aggregate,reml,kriston,10,chg_smd_r0.3,not_applicable,endpoint_itt
kriston,primary,all_14,aggregate,pm,kriston,11,chg_smd_r0.3,not_applicable,endpoint_itt
kriston,primary,no_choi,aggregate,pm,kriston,12,chg_smd_r0.3,not_applicable,endpoint_itt
kriston,primary,no_moodgym,aggregate,pm,kriston,13,chg_smd_r0.3,not_applicable,endpoint_itt
kriston,primary,no_small_arms,aggregate,pm,kriston,14,chg_smd_r0.3,not_applicable,endpoint_itt
kriston,primary,no_kalapatapu,aggregate,pm,kriston,15,chg_smd_r0.3,not_applicable,endpoint_itt
kriston,primary,all_14,aggregate,dl_hksj,kriston,16,chg_smd_r0.3,not_applicable,endpoint_itt
kriston,primary,no_choi,aggregate,dl_hksj,kriston,17,chg_smd_r0.3,not_applicable,endpoint_itt
kriston,primary,no_moodgym,aggregate,dl_hksj,kriston,18,chg_smd_r0.3,not_applicable,endpoint_itt
kriston,primary,no_small_arms,aggregate,dl_hksj,kriston,19,chg_smd_r0.3,not_applicable,endpoint_itt
kriston,primary,no_kalapatapu,aggregate,dl_hksj,kriston,20,chg_smd_r0.3,not_applicable,endpoint_itt
kriston,primary,all_14,aggregate,reml_hksj,kriston,21,chg_smd_r0.3,not_applicable,endpoint_itt
kriston,primary,no_choi,aggregate,reml_hksj,kriston,22,chg_smd_r0.3,not_applicable,endpoint_itt
kriston,primary,no_moodgym,aggregate,reml_hksj,kriston,23,chg_smd_r0.3,not_applicable,endpoint_itt
kriston,primary,no_small_arms,aggregate,reml_hksj,kriston,24,chg_smd_r0.3,not_applicable,endpoint_itt
kriston,primary,no_kalapatapu,aggregate,reml_hksj,kriston,25,chg_smd_r0.3,not_applicable,endpoint_itt
kriston,primary,all_14,aggregate,pm_hksj,kriston,26,chg_smd_r0.3,not_applicable,endpoint_itt
kriston,primary,no_choi,aggregate,pm_hksj,kriston,27,chg_smd_r0.3,not_applicable,endpoint_itt
kriston,primary,no_moodgym,aggregate,pm_hksj,kriston,28,chg_smd_r0.3,not_applicable,endpoint_itt
kriston,primary,no_small_arms,aggregate,pm_hksj,kriston,29,chg_smd_r0.3,not_applicable,endpoint_itt
kriston,primary,no_kalapatapu,aggregate,pm_hksj,kriston,30,chg_smd_r0.3,not_applicable,endpoint_itt
kriston,primary,all_14,aggregate,dl,kriston,1,chg_smd_r0.6,not_applicable,endpoint_itt
kriston,primary,no_choi,aggregate,dl,kriston,2,chg_smd_r0.6,not_applicable,endpoint_itt
kriston,primary,no_moodgym,aggregate,dl,kriston,3,chg_smd_r0.6,not_applicable,endpoint_itt
kriston,primary,no_small_arms,aggregate,dl,kriston,4,chg_smd_r0.6,not_applicable,endpoint_itt
kriston,primary,no_kalapatapu,aggregate,dl,kriston,5,chg_smd_r0.6,not_applicable,endpoint_itt
kriston,primary,all_14,aggregate,reml,kriston,6,chg_smd_r0.6,not_applicable,endpoint_itt
kriston,primary,no_choi,aggregate,reml,kriston,7,chg_smd_r0.6,not_applicable,endpoint_itt
kriston,primary,no_moodgym,aggregate,reml,kriston,8,chg_smd_r0.6,not_applicable,endpoint_itt
kriston,primary,no_small_arms,aggregate,reml,kriston,9,chg_smd_r0.6,not_applicable,endpoint_itt
kriston,primary,no_kalapatapu,aggregate,reml,kriston,10,chg_smd_r0.6,not_applicable,endpoint_itt
kriston,primary,all_14,aggregate,pm,kriston,11,chg_smd_r0.6,not_applicable,endpoint_itt
kriston,primary,no_choi,aggregate,pm,kriston,12,chg_smd_r0.6,not_applicable,endpoint_itt
kriston,primary,no_moodgym,aggregate,pm,kriston,13,chg_smd_r0.6,not_applicable,endpoint_itt
kriston,primary,no_small_arms,aggregate,pm,kriston,14,chg_smd_r0.6,not_applicable,endpoint_itt
kriston,primary,no_kalapatapu,aggregate,pm,kriston,15,chg_smd_r0.6,not_applicable,endpoint_itt
kriston,primary,all_14,aggregate,dl_hksj,kriston,16,chg_smd_r0.6,not_applicable,endpoint_itt
kriston,primary,no_choi,aggregate,dl_hksj,kriston,17,chg_smd_r0.6,not_applicable,endpoint_itt
kriston,primary,no_moodgym,aggregate,dl_hksj,kriston,18,chg_smd_r0.6,not_applicable,endpoint_itt
kriston,primary,no_small_arms,aggregate,dl_hksj,kriston,19,chg_smd_r0.6,not_applicable,endpoint_itt
kriston,primary,no_kalapatapu,aggregate,dl_hksj,kriston,20,chg_smd_r0.6,not_applicable,endpoint_itt
kriston,primary,all_14,aggregate,reml_hksj,kriston,21,chg_smd_r0.6,not_applicable,endpoint_itt
kriston,primary,no_choi,aggregate,reml_hksj,kriston,22,chg_smd_r0.6,not_applicable,endpoint_itt
kriston,primary,no_moodgym,aggregate,reml_hksj,kriston,23,chg_smd_r0.6,not_applicable,endpoint_itt
kriston,primary,no_small_arms,aggregate,reml_hksj,kriston,24,chg_smd_r0.6,not_applicable,endpoint_itt
kriston,primary,no_kalapatapu,aggregate,reml_hksj,kriston,25,chg_smd_r0.6,not_applicable,endpoint_itt
kriston,primary,all_14,aggregate,pm_hksj,kriston,26,chg_smd_r0.6,not_applicable,endpoint_itt
kriston,primary,no_choi,aggregate,pm_hksj,kriston,27,chg_smd_r0.6,not_applicable,endpoint_itt
kriston,primary,no_moodgym,aggregate,pm_hksj,kriston,28,chg_smd_r0.6,not_applicable,endpoint_itt
kriston,primary,no_small_arms,aggregate,pm_hksj,kriston,29,chg_smd_r0.6,not_applicable,endpoint_itt
kriston,primary,no_kalapatapu,aggregate,pm_hksj,kriston,30,chg_smd_r0.6,not_applicable,endpoint_itt
kriston,primary,all_14,aggregate,dl,kriston,1,smc_r0.3,not_applicable,endpoint_itt
kriston,primary,no_choi,aggregate,dl,kriston,2,smc_r0.3,not_applicable,endpoint_itt
kriston,primary,no_moodgym,aggregate,dl,kriston,3,smc_r0.3,not_applicable,endpoint_itt
kriston,primary,no_small_arms,aggregate,dl,kriston,4,smc_r0.3,not_applicable,endpoint_itt
kriston,primary,no_kalapatapu,aggregate,dl,kriston,5,smc_r0.3,not_applicable,endpoint_itt
kriston,primary,all_14,aggregate,reml,kriston,6,smc_r0.3,not_applicable,endpoint_itt
kriston,primary,no_choi,aggregate,reml,kriston,7,smc_r0.3,not_applicable,endpoint_itt
kriston,primary,no_moodgym,aggregate,reml,kriston,8,smc_r0.3,not_applicable,endpoint_itt
kriston,primary,no_small_arms,aggregate,reml,kriston,9,smc_r0.3,not_applicable,endpoint_itt
kriston,primary,no_kalapatapu,aggregate,reml,kriston,10,smc_r0.3,not_applicable,endpoint_itt
kriston,primary,all_14,aggregate,pm,kriston,11,smc_r0.3,not_applicable,endpoint_itt
kriston,primary,no_choi,aggregate,pm,kriston,12,smc_r0.3,not_applicable,endpoint_itt
kriston,primary,no_moodgym,aggregate,pm,kriston,13,smc_r0.3,not_applicable,endpoint_itt
kriston,primary,no_small_arms,aggregate,pm,kriston,14,smc_r0.3,not_applicable,endpoint_itt
kriston,primary,no_kalapatapu,aggregate,pm,kriston,15,smc_r0.3,not_applicable,endpoint_itt
kriston,primary,all_14,aggregate,dl_hksj,kriston,16,smc_r0.3,not_applicable,endpoint_itt
kriston,primary,no_choi,aggregate,dl_hksj,kriston,17,smc_r0.3,not_applicable,endpoint_itt
kriston,primary,no_moodgym,aggregate,dl_hksj,kriston,18,smc_r0.3,not_applicable,endpoint_itt
kriston,primary,no_small_arms,aggregate,dl_hksj,kriston,19,smc_r0.3,not_applicable,endpoint_itt
kriston,primary,no_kalapatapu,aggregate,dl_hksj,kriston,20,smc_r0.3,not_applicable,endpoint_itt
kriston,primary,all_14,aggregate,reml_hksj,kriston,21,smc_r0.3,not_applicable,endpoint_itt
kriston,primary,no_choi,aggregate,reml_hksj,kriston,22,smc_r0.3,not_applicable,endpoint_itt
kriston,primary,no_moodgym,aggregate,reml_hksj,kriston,23,smc_r0.3,not_applicable,endpoint_itt
kriston,primary,no_small_arms,aggregate,reml_hksj,kriston,24,smc_r0.3,not_applicable,endpoint_itt
kriston,primary,no_kalapatapu,aggregate,reml_hksj,kriston,25,smc_r0.3,not_applicable,endpoint_itt
kriston,primary,all_14,aggregate,pm_hksj,kriston,26,smc_r0.3,not_applicable,endpoint_itt
kriston,primary,no_choi,aggregate,pm_hksj,kriston,27,smc_r0.3,not_applicable,endpoint_itt
kriston,primary,no_moodgym,aggregate,pm_hksj,kriston,28,smc_r0.3,not_applicable,endpoint_itt
kriston,primary,no_small_arms,aggregate,pm_hksj,kriston,29,smc_r0.3,not_applicable,endpoint_itt
kriston,primary,no_kalapatapu,aggregate,pm_hksj,kriston,30,smc_r0.3,not_applicable,endpoint_itt
kriston,primary,all_14,aggregate,dl,kriston,1,smc_r0.5,not_applicable,endpoint_itt
kriston,primary,no_choi,aggregate,dl,kriston,2,smc_r0.5,not_applicable,endpoint_itt
kriston,primary,no_moodgym,aggregate,dl,kriston,3,smc_r0.5,not_applicable,endpoint_itt
kriston,primary,no_small_arms,aggregate,dl,kriston,4,smc_r0.5,not_applicable,endpoint_itt
kriston,primary,no_kalapatapu,aggregate,dl,kriston,5,smc_r0.5,not_applicable,endpoint_itt
kriston,primary,all_14,aggregate,reml,kriston,6,smc_r0.5,not_applicable,endpoint_itt
kriston,primary,no_choi,aggregate,reml,kriston,7,smc_r0.5,not_applicable,endpoint_itt
kriston,primary,no_moodgym,aggregate,reml,kriston,8,smc_r0.5,not_applicable,endpoint_itt
kriston,primary,no_small_arms,aggregate,reml,kriston,9,smc_r0.5,not_applicable,endpoint_itt
kriston,primary,no_kalapatapu,aggregate,reml,kriston,10,smc_r0.5,not_applicable,endpoint_itt
kriston,primary,all_14,aggregate,pm,kriston,11,smc_r0.5,not_applicable,endpoint_itt
kriston,primary,no_choi,aggregate,pm,kriston,12,smc_r0.5,not_applicable,endpoint_itt
kriston,primary,no_moodgym,aggregate,pm,kriston,13,smc_r0.5,not_applicable,endpoint_itt
kriston,primary,no_small_arms,aggregate,pm,kriston,14,smc_r0.5,not_applicable,endpoint_itt
kriston,primary,no_kalapatapu,aggregate,pm,kriston,15,smc_r0.5,not_applicable,endpoint_itt
kriston,primary,all_14,aggregate,dl_hksj,kriston,16,smc_r0.5,not_applicable,endpoint_itt
kriston,primary,no_choi,aggregate,dl_hksj,kriston,17,smc_r0.5,not_applicable,endpoint_itt
kriston,primary,no_moodgym,aggregate,dl_hksj,kriston,18,smc_r0.5,not_applicable,endpoint_itt
kriston,primary,no_small_arms,aggregate,dl_hksj,kriston,19,smc_r0.5,not_applicable,endpoint_itt
kriston,primary,no_kalapatapu,aggregate,dl_hksj,kriston,20,smc_r0.5,not_applicable,endpoint_itt
kriston,primary,all_14,aggregate,reml_hksj,kriston,21,smc_r0.5,not_applicable,endpoint_itt
kriston,primary,no_choi,aggregate,reml_hksj,kriston,22,smc_r0.5,not_applicable,endpoint_itt
kriston,primary,no_moodgym,aggregate,reml_hksj,kriston,23,smc_r0.5,not_applicable,endpoint_itt
kriston,primary,no_small_arms,aggregate,reml_hksj,kriston,24,smc_r0.5,not_applicable,endpoint_itt
kriston,primary,no_kalapatapu,aggregate,reml_hksj,kriston,25,smc_r0.5,not_applicable,endpoint_itt
kriston,primary,all_14,aggregate,pm_hksj,kriston,26,smc_r0.5,not_applicable,endpoint_itt
kriston,primary,no_choi,aggregate,pm_hksj,kriston,27,smc_r0.5,not_applicable,endpoint_itt
kriston,primary,no_moodgym,aggregate,pm_hksj,kriston,28,smc_r0.5,not_applicable,endpoint_itt
kriston,primary,no_small_arms,aggregate,pm_hksj,kriston,29,smc_r0.5,not_applicable,endpoint_itt
kriston,primary,no_kalapatapu,aggregate,pm_hksj,kriston,30,smc_r0.5,not_applicable,endpoint_itt
kriston,primary,all_14,aggregate,dl,kriston,1,smc_r0.7,not_applicable,endpoint_itt
kriston,primary,no_choi,aggregate,dl,kriston,2,smc_r0.7,not_applicable,endpoint_itt
kriston,primary,no_moodgym,aggregate,dl,kriston,3,smc_r0.7,not_applicable,endpoint_itt
kriston,primary,no_small_arms,aggregate,dl,kriston,4,smc_r0.7,not_applicable,endpoint_itt
kriston,primary,no_kalapatapu,aggregate,dl,kriston,5,smc_r0.7,not_applicable,endpoint_itt
kriston,primary,all_14,aggregate,reml,kriston,6,smc_r0.7,not_applicable,endpoint_itt
kriston,primary,no_choi,aggregate,reml,kriston,7,smc_r0.7,not_applicable,endpoint_itt
kriston,primary,no_moodgym,aggregate,reml,kriston,8,smc_r0.7,not_applicable,endpoint_itt
kriston,primary,no_small_arms,aggregate,reml,kriston,9,smc_r0.7,not_applicable,endpoint_itt
kriston,primary,no_kalapatapu,aggregate,reml,kriston,10,smc_r0.7,not_applicable,endpoint_itt
kriston,primary,all_14,aggregate,pm,kriston,11,smc_r0.7,not_applicable,endpoint_itt
kriston,primary,no_choi,aggregate,pm,kriston,12,smc_r0.7,not_applicable,endpoint_itt
kriston,primary,no_moodgym,aggregate,pm,kriston,13,smc_r0.7,not_applicable,endpoint_itt
kriston,primary,no_small_arms,aggregate,pm,kriston,14,smc_r0.7,not_applicable,endpoint_itt
kriston,primary,no_kalapatapu,aggregate,pm,kriston,15,smc_r0.7,not_applicable,endpoint_itt
kriston,primary,all_14,aggregate,dl_hksj,kriston,16,smc_r0.7,not_applicable,endpoint_itt
kriston,primary,no_choi,aggregate,dl_hksj,kriston,17,smc_r0.7,not_applicable,endpoint_itt
kriston,primary,no_moodgym,aggregate,dl_hksj,kriston,18,smc_r0.7,not_applicable,endpoint_itt
kriston,primary,no_small_arms,aggregate,dl_hksj,kriston,19,smc_r0.7,not_applicable,endpoint_itt
kriston,primary,no_kalapatapu,aggregate,dl_hksj,kriston,20,smc_r0.7,not_applicable,endpoint_itt
kriston,primary,all_14,aggregate,reml_hksj,kriston,21,smc_r0.7,not_applicable,endpoint_itt
kriston,primary,no_choi,aggregate,reml_hksj,kriston,22,smc_r0.7,not_applicable,endpoint_itt
kriston,primary,no_moodgym,aggregate,reml_hksj,kriston,23,smc_r0.7,not_applicable,endpoint_itt
kriston,primary,no_small_arms,aggregate,reml_hksj,kriston,24,smc_r0.7,not_applicable,endpoint_itt
kriston,primary,no_kalapatapu,aggregate,reml_hksj,kriston,25,smc_r0.7,not_applicable,endpoint_itt
kriston,primary,all_14,aggregate,pm_hksj,kriston,26,smc_r0.7,not_applicable,endpoint_itt
kriston,primary,no_choi,aggregate,pm_hksj,kriston,27,smc_r0.7,not_applicable,endpoint_itt
kriston,primary,no_moodgym,aggregate,pm_hksj,kriston,28,smc_r0.7,not_applicable,endpoint_itt
kriston,primary,no_small_arms,aggregate,pm_hksj,kriston,29,smc_r0.7,not_applicable,endpoint_itt
kriston,primary,no_kalapatapu,aggregate,pm_hksj,kriston,30,smc_r0.7,not_applicable,endpoint_itt
kriston,primary,all_14,aggregate,dl,kriston,1,smc_r0.9,not_applicable,endpoint_itt
kriston,primary,no_choi,aggregate,dl,kriston,2,smc_r0.9,not_applicable,endpoint_itt
kriston,primary,no_moodgym,aggregate,dl,kriston,3,smc_r0.9,not_applicable,endpoint_itt
kriston,primary,no_small_arms,aggregate,dl,kriston,4,smc_r0.9,not_applicable,endpoint_itt
kriston,primary,no_kalapatapu,aggregate,dl,kriston,5,smc_r0.9,not_applicable,endpoint_itt
kriston,primary,all_14,aggregate,reml,kriston,6,smc_r0.9,not_applicable,endpoint_itt
kriston,primary,no_choi,aggregate,reml,kriston,7,smc_r0.9,not_applicable,endpoint_itt
kriston,primary,no_moodgym,aggregate,reml,kriston,8,smc_r0.9,not_applicable,endpoint_itt
kriston,primary,no_small_arms,aggregate,reml,kriston,9,smc_r0.9,not_applicable,endpoint_itt
kriston,primary,no_kalapatapu,aggregate,reml,kriston,10,smc_r0.9,not_applicable,endpoint_itt
kriston,primary,all_14,aggregate,pm,kriston,11,smc_r0.9,not_applicable,endpoint_itt
kriston,primary,no_choi,aggregate,pm,kriston,12,smc_r0.9,not_applicable,endpoint_itt
kriston,primary,no_moodgym,aggregate,pm,kriston,13,smc_r0.9,not_applicable,endpoint_itt
kriston,primary,no_small_arms,aggregate,pm,kriston,14,smc_r0.9,not_applicable,endpoint_itt
kriston,primary,no_kalapatapu,aggregate,pm,kriston,15,smc_r0.9,not_applicable,endpoint_itt
kriston,primary,all_14,aggregate,dl_hksj,kriston,16,smc_r0.9,not_applicable,endpoint_itt
kriston,primary,no_choi,aggregate,dl_hksj,kriston,17,smc_r0.9,not_applicable,endpoint_itt
kriston,primary,no_moodgym,aggregate,dl_hksj,kriston,18,smc_r0.9,not_applicable,endpoint_itt
kriston,primary,no_small_arms,aggregate,dl_hksj,kriston,19,smc_r0.9,not_applicable,endpoint_itt
kriston,primary,no_kalapatapu,aggregate,dl_hksj,kriston,20,smc_r0.9,not_applicable,endpoint_itt
kriston,primary,all_14,aggregate,reml_hksj,kriston,21,smc_r0.9,not_applicable,endpoint_itt
kriston,primary,no_choi,aggregate,reml_hksj,kriston,22,smc_r0.9,not_applicable,endpoint_itt
kriston,primary,no_moodgym,aggregate,reml_hksj,kriston,23,smc_r0.9,not_applicable,endpoint_itt
kriston,primary,no_small_arms,aggregate,reml_hksj,kriston,24,smc_r0.9,not_applicable,endpoint_itt
kriston,primary,no_kalapatapu,aggregate,reml_hksj,kriston,25,smc_r0.9,not_applicable,endpoint_itt
kriston,primary,all_14,aggregate,pm_hksj,kriston,26,smc_r0.9,not_applicable,endpoint_itt
kriston,primary,no_choi,aggregate,pm_hksj,kriston,27,smc_r0.9,not_applicable,endpoint_itt
kriston,primary,no_moodgym,aggregate,pm_hksj,kriston,28,smc_r0.9,not_applicable,endpoint_itt
kriston,primary,no_small_arms,aggregate,pm_hksj,kriston,29,smc_r0.9,not_applicable,endpoint_itt
kriston,primary,no_kalapatapu,aggregate,pm_hksj,kriston,30,smc_r0.9,not_applicable,endpoint_itt
reconciled,primary,all_14,aggregate,dl,reconciled,1,post_smd,derived_borrowed_sd,endpoint_itt
reconciled,clinician_preferred,all_14,aggregate,dl,reconciled,2,post_smd,derived_borrowed_sd,endpoint_itt
reconciled,self_preferred,all_14,aggregate,dl,reconciled,3,post_smd,derived_borrowed_sd,endpoint_itt
reconciled,primary,no_choi,aggregate,dl,reconciled,4,post_smd,derived_borrowed_sd,endpoint_itt
reconciled,clinician_preferred,no_choi,aggregate,dl,reconciled,5,post_smd,derived_borrowed_sd,endpoint_itt
reconciled,self_preferred,no_choi,aggregate,dl,reconciled,6,post_smd,derived_borrowed_sd,endpoint_itt
reconciled,primary,no_moodgym,aggregate,dl,reconciled,7,post_smd,derived_borrowed_sd,endpoint_itt
reconciled,clinician_preferred,no_moodgym,aggregate,dl,reconciled,8,post_smd,derived_borrowed_sd,endpoint_itt
reconciled,self_preferred,no_moodgym,aggregate,dl,reconciled,9,post_smd,derived_borrowed_sd,endpoint_itt
reconciled,primary,no_small_arms,aggregate,dl,reconciled,10,post_smd,derived_borrowed_sd,endpoint_itt
reconciled,clinician_preferred,no_small_arms,aggregate,dl,reconciled,11,post_smd,derived_borrowed_sd,endpoint_itt
reconciled,self_preferred,no_small_arms,aggregate,dl,reconciled,12,post_smd,derived_borrowed_sd,endpoint_itt
reconciled,primary,no_kalapatapu,aggregate,dl,reconciled,13,post_smd,derived_borrowed_sd,endpoint_itt
reconciled,clinician_preferred,no_kalapatapu,aggregate,dl,reconciled,14,post_smd,derived_borrowed_sd,endpoint_itt
reconciled,self_preferred,no_kalapatapu,aggregate,dl,reconciled,15,post_smd,derived_borrowed_sd,endpoint_itt
reconciled,primary,all_14,aggregate,reml,reconciled,16,post_smd,derived_borrowed_sd,endpoint_itt
reconciled,clinician_preferred,all_14,aggregate,reml,reconciled,17,post_smd,derived_borrowed_sd,endpoint_itt
reconciled,self_preferred,all_14,aggregate,reml,reconciled,18,post_smd,derived_borrowed_sd,endpoint_itt
reconciled,primary,no_choi,aggregate,reml,reconciled,19,post_smd,derived_borrowed_sd,endpoint_itt
reconciled,clinician_preferred,no_choi,aggregate,reml,reconciled,20,post_smd,derived_borrowed_sd,endpoint_itt
reconciled,self_preferred,no_choi,aggregate,reml,reconciled,21,post_smd,derived_borrowed_sd,endpoint_itt
reconciled,primary,no_moodgym,aggregate,reml,reconciled,22,post_smd,derived_borrowed_sd,endpoint_itt
reconciled,clinician_preferred,no_moodgym,aggregate,reml,reconciled,23,post_smd,derived_borrowed_sd,endpoint_itt
reconciled,self_preferred,no_moodgym,aggregate,reml,reconciled,24,post_smd,derived_borrowed_sd,endpoint_itt
reconciled,primary,no_small_arms,aggregate,reml,reconciled,25,post_smd,derived_borrowed_sd,endpoint_itt
reconciled,clinician_preferred,no_small_arms,aggregate,reml,reconciled,26,post_smd,derived_borrowed_sd,endpoint_itt
reconciled,self_preferred,no_small_arms,aggregate,reml,reconciled,27,post_smd,derived_borrowed_sd,endpoint_itt
reconciled,primary,no_kalapatapu,aggregate,reml,reconciled,28,post_smd,derived_borrowed_sd,endpoint_itt
reconciled,clinician_preferred,no_kalapatapu,aggregate,reml,reconciled,29,post_smd,derived_borrowed_sd,endpoint_itt
reconciled,self_preferred,no_kalapatapu,aggregate,reml,reconciled,30,post_smd,derived_borrowed_sd,endpoint_itt
reconciled,primary,all_14,aggregate,pm,reconciled,31,post_smd,derived_borrowed_sd,endpoint_itt
reconciled,clinician_preferred,all_14,aggregate,pm,reconciled,32,post_smd,derived_borrowed_sd,endpoint_itt
reconciled,self_preferred,all_14,aggregate,pm,reconciled,33,post_smd,derived_borrowed_sd,endpoint_itt
reconciled,primary,no_choi,aggregate,pm,reconciled,34,post_smd,derived_borrowed_sd,endpoint_itt
reconciled,clinician_preferred,no_choi,aggregate,pm,reconciled,35,post_smd,derived_borrowed_sd,endpoint_itt
reconciled,self_preferred,no_choi,aggregate,pm,reconciled,36,post_smd,derived_borrowed_sd,endpoint_itt
reconciled,primary,no_moodgym,aggregate,pm,reconciled,37,post_smd,derived_borrowed_sd,endpoint_itt
reconciled,clinician_preferred,no_moodgym,aggregate,pm,reconciled,38,post_smd,derived_borrowed_sd,endpoint_itt
reconciled,self_preferred,no_moodgym,aggregate,pm,reconciled,39,post_smd,derived_borrowed_sd,endpoint_itt
reconciled,primary,no_small_arms,aggregate,pm,reconciled,40,post_smd,derived_borrowed_sd,endpoint_itt
reconciled,clinician_preferred,no_small_arms,aggregate,pm,reconciled,41,post_smd,derived_borrowed_sd,endpoint_itt
reconciled,self_preferred,no_small_arms,aggregate,pm,reconciled,42,post_smd,derived_borrowed_sd,endpoint_itt
reconciled,primary,no_kalapatapu,aggregate,pm,reconciled,43,post_smd,derived_borrowed_sd,endpoint_itt
reconciled,clinician_preferred,no_kalapatapu,aggregate,pm,reconciled,44,post_smd,derived_borrowed_sd,endpoint_itt
reconciled,self_preferred,no_kalapatapu,aggregate,pm,reconciled,45,post_smd,derived_borrowed_sd,endpoint_itt
reconciled,primary,all_14,aggregate,dl_hksj,reconciled,46,post_smd,derived_borrowed_sd,endpoint_itt
reconciled,clinician_preferred,all_14,aggregate,dl_hksj,reconciled,47,post_smd,derived_borrowed_sd,endpoint_itt
reconciled,self_preferred,all_14,aggregate,dl_hksj,reconciled,48,post_smd,derived_borrowed_sd,endpoint_itt
reconciled,primary,no_choi,aggregate,dl_hksj,reconciled,49,post_smd,derived_borrowed_sd,endpoint_itt
reconciled,clinician_preferred,no_choi,aggregate,dl_hksj,reconciled,50,post_smd,derived_borrowed_sd,endpoint_itt
reconciled,self_preferred,no_choi,aggregate,dl_hksj,reconciled,51,post_smd,derived_borrowed_sd,endpoint_itt
reconciled,primary,no_moodgym,aggregate,dl_hksj,reconciled,52,post_smd,derived_borrowed_sd,endpoint_itt
reconciled,clinician_preferred,no_moodgym,aggregate,dl_hksj,reconciled,53,post_smd,derived_borrowed_sd,endpoint_itt
reconciled,self_preferred,no_moodgym,aggregate,dl_hksj,reconciled,54,post_smd,derived_borrowed_sd,endpoint_itt
reconciled,primary,no_small_arms,aggregate,dl_hksj,reconciled,55,post_smd,derived_borrowed_sd,endpoint_itt
reconciled,clinician_preferred,no_small_arms,aggregate,dl_hksj,reconciled,56,post_smd,derived_borrowed_sd,endpoint_itt
reconciled,self_preferred,no_small_arms,aggregate,dl_hksj,reconciled,57,post_smd,derived_borrowed_sd,endpoint_itt
reconciled,primary,no_kalapatapu,aggregate,dl_hksj,reconciled,58,post_smd,derived_borrowed_sd,endpoint_itt
reconciled,clinician_preferred,no_kalapatapu,aggregate,dl_hksj,reconciled,59,post_smd,derived_borrowed_sd,endpoint_itt
reconciled,self_preferred,no_kalapatapu,aggregate,dl_hksj,reconciled,60,post_smd,derived_borrowed_sd,endpoint_itt
reconciled,primary,all_14,aggregate,reml_hksj,reconciled,61,post_smd,derived_borrowed_sd,endpoint_itt
reconciled,clinician_preferred,all_14,aggregate,reml_hksj,reconciled,62,post_smd,derived_borrowed_sd,endpoint_itt
reconciled,self_preferred,all_14,aggregate,reml_hksj,reconciled,63,post_smd,derived_borrowed_sd,endpoint_itt
reconciled,primary,no_choi,aggregate,reml_hksj,reconciled,64,post_smd,derived_borrowed_sd,endpoint_itt
reconciled,clinician_preferred,no_choi,aggregate,reml_hksj,reconciled,65,post_smd,derived_borrowed_sd,endpoint_itt
reconciled,self_preferred,no_choi,aggregate,reml_hksj,reconciled,66,post_smd,derived_borrowed_sd,endpoint_itt
reconciled,primary,no_moodgym,aggregate,reml_hksj,reconciled,67,post_smd,derived_borrowed_sd,endpoint_itt
reconciled,clinician_preferred,no_moodgym,aggregate,reml_hksj,reconciled,68,post_smd,derived_borrowed_sd,endpoint_itt
reconciled,self_preferred,no_moodgym,aggregate,reml_hksj,reconciled,69,post_smd,derived_borrowed_sd,endpoint_itt
reconciled,primary,no_small_arms,aggregate,reml_hksj,reconciled,70,post_smd,derived_borrowed_sd,endpoint_itt
reconciled,clinician_preferred,no_small_arms,aggregate,reml_hksj,reconciled,71,post_smd,derived_borrowed_sd,endpoint_itt
reconciled,self_preferred,no_small_arms,aggregate,reml_hksj,reconciled,72,post_smd,derived_borrowed_sd,endpoint_itt
reconciled,primary,no_kalapatapu,aggregate,reml_hksj,reconciled,73,post_smd,derived_borrowed_sd,endpoint_itt
reconciled,clinician_preferred,no_kalapatapu,aggregate,reml_hksj,reconciled,74,post_smd,derived_borrowed_sd,endpoint_itt
reconciled,self_preferred,no_kalapatapu,aggregate,reml_hksj,reconciled,75,post_smd,derived_borrowed_sd,endpoint_itt
reconciled,primary,all_14,aggregate,pm_hksj,reconciled,76,post_smd,derived_borrowed_sd,endpoint_itt
reconciled,clinician_preferred,all_14,aggregate,pm_hksj,reconciled,77,post_smd,derived_borrowed_sd,endpoint_itt
reconciled,self_preferred,all_14,aggregate,pm_hksj,reconciled,78,post_smd,derived_borrowed_sd,endpoint_itt
reconciled,primary,no_choi,aggregate,pm_hksj,reconciled,79,post_smd,derived_borrowed_sd,endpoint_itt
reconciled,clinician_preferred,no_choi,aggregate,pm_hksj,reconciled,80,post_smd,derived_borrowed_sd,endpoint_itt
reconciled,self_preferred,no_choi,aggregate,pm_hksj,reconciled,81,post_smd,derived_borrowed_sd,endpoint_itt
reconciled,primary,no_moodgym,aggregate,pm_hksj,reconciled,82,post_smd,derived_borrowed_sd,endpoint_itt
reconciled,clinician_preferred,no_moodgym,aggregate,pm_hksj,reconciled,83,post_smd,derived_borrowed_sd,endpoint_itt
reconciled,self_preferred,no_moodgym,aggregate,pm_hksj,reconciled,84,post_smd,derived_borrowed_sd,endpoint_itt
reconciled,primary,no_small_arms,aggregate,pm_hksj,reconciled,85,post_smd,derived_borrowed_sd,endpoint_itt
reconciled,clinician_preferred,no_small_arms,aggregate,pm_hksj,reconciled,86,post_smd,derived_borrowed_sd,endpoint_itt
reconciled,self_preferred,no_small_arms,aggregate,pm_hksj,reconciled,87,post_smd,derived_borrowed_sd,endpoint_itt
reconciled,primary,no_kalapatapu,aggregate,pm_hksj,reconciled,88,post_smd,derived_borrowed_sd,endpoint_itt
reconciled,clinician_preferred,no_kalapatapu,aggregate,pm_hksj,reconciled,89,post_smd,derived_borrowed_sd,endpoint_itt
reconciled,self_preferred,no_kalapatapu,aggregate,pm_hksj,reconciled,90,post_smd,derived_borrowed_sd,endpoint_itt
reconciled,total_wf_2,all_14,modeled,three-level,reconciled,91,post_smd,derived_borrowed_sd,endpoint_itt
reconciled,total_wf_2,no_choi,modeled,three-level,reconciled,92,post_smd,derived_borrowed_sd,endpoint_itt
reconciled,total_wf_2,no_moodgym,modeled,three-level,reconciled,93,post_smd,derived_borrowed_sd,endpoint_itt
reconciled,total_wf_2,no_small_arms,modeled,three-level,reconciled,94,post_smd,derived_borrowed_sd,endpoint_itt
reconciled,total_wf_2,no_kalapatapu,modeled,three-level,reconciled,95,post_smd,derived_borrowed_sd,endpoint_itt
reconciled,total_wf_2,all_14,modeled,rve,reconciled,96,post_smd,derived_borrowed_sd,endpoint_itt
reconciled,total_wf_2,no_choi,modeled,rve,reconciled,97,post_smd,derived_borrowed_sd,endpoint_itt
reconciled,total_wf_2,no_moodgym,modeled,rve,reconciled,98,post_smd,derived_borrowed_sd,endpoint_itt
reconciled,total_wf_2,no_small_arms,modeled,rve,reconciled,99,post_smd,derived_borrowed_sd,endpoint_itt
reconciled,total_wf_2,no_kalapatapu,modeled,rve,reconciled,100,post_smd,derived_borrowed_sd,endpoint_itt
reconciled,primary,all_14,aggregate,dl,reconciled,1,post_smd,derived_borrowed_sd,week8_completer
reconciled,clinician_preferred,all_14,aggregate,dl,reconciled,2,post_smd,derived_borrowed_sd,week8_completer
reconciled,self_preferred,all_14,aggregate,dl,reconciled,3,post_smd,derived_borrowed_sd,week8_completer
reconciled,primary,no_choi,aggregate,dl,reconciled,4,post_smd,derived_borrowed_sd,week8_completer
reconciled,clinician_preferred,no_choi,aggregate,dl,reconciled,5,post_smd,derived_borrowed_sd,week8_completer
reconciled,self_preferred,no_choi,aggregate,dl,reconciled,6,post_smd,derived_borrowed_sd,week8_completer
reconciled,primary,no_moodgym,aggregate,dl,reconciled,7,post_smd,derived_borrowed_sd,week8_completer
reconciled,clinician_preferred,no_moodgym,aggregate,dl,reconciled,8,post_smd,derived_borrowed_sd,week8_completer
reconciled,self_preferred,no_moodgym,aggregate,dl,reconciled,9,post_smd,derived_borrowed_sd,week8_completer
reconciled,primary,no_small_arms,aggregate,dl,reconciled,10,post_smd,derived_borrowed_sd,week8_completer
reconciled,clinician_preferred,no_small_arms,aggregate,dl,reconciled,11,post_smd,derived_borrowed_sd,week8_completer
reconciled,self_preferred,no_small_arms,aggregate,dl,reconciled,12,post_smd,derived_borrowed_sd,week8_completer
reconciled,primary,no_kalapatapu,aggregate,dl,reconciled,13,post_smd,derived_borrowed_sd,week8_completer
reconciled,clinician_preferred,no_kalapatapu,aggregate,dl,reconciled,14,post_smd,derived_borrowed_sd,week8_completer
reconciled,self_preferred,no_kalapatapu,aggregate,dl,reconciled,15,post_smd,derived_borrowed_sd,week8_completer
reconciled,primary,all_14,aggregate,reml,reconciled,16,post_smd,derived_borrowed_sd,week8_completer
reconciled,clinician_preferred,all_14,aggregate,reml,reconciled,17,post_smd,derived_borrowed_sd,week8_completer
reconciled,self_preferred,all_14,aggregate,reml,reconciled,18,post_smd,derived_borrowed_sd,week8_completer
reconciled,primary,no_choi,aggregate,reml,reconciled,19,post_smd,derived_borrowed_sd,week8_completer
reconciled,clinician_preferred,no_choi,aggregate,reml,reconciled,20,post_smd,derived_borrowed_sd,week8_completer
reconciled,self_preferred,no_choi,aggregate,reml,reconciled,21,post_smd,derived_borrowed_sd,week8_completer
reconciled,primary,no_moodgym,aggregate,reml,reconciled,22,post_smd,derived_borrowed_sd,week8_completer
reconciled,clinician_preferred,no_moodgym,aggregate,reml,reconciled,23,post_smd,derived_borrowed_sd,week8_completer
reconciled,self_preferred,no_moodgym,aggregate,reml,reconciled,24,post_smd,derived_borrowed_sd,week8_completer
reconciled,primary,no_small_arms,aggregate,reml,reconciled,25,post_smd,derived_borrowed_sd,week8_completer
reconciled,clinician_preferred,no_small_arms,aggregate,reml,reconciled,26,post_smd,derived_borrowed_sd,week8_completer
reconciled,self_preferred,no_small_arms,aggregate,reml,reconciled,27,post_smd,derived_borrowed_sd,week8_completer
reconciled,primary,no_kalapatapu,aggregate,reml,reconciled,28,post_smd,derived_borrowed_sd,week8_completer
reconciled,clinician_preferred,no_kalapatapu,aggregate,reml,reconciled,29,post_smd,derived_borrowed_sd,week8_completer
reconciled,self_preferred,no_kalapatapu,aggregate,reml,reconciled,30,post_smd,derived_borrowed_sd,week8_completer
reconciled,primary,all_14,aggregate,pm,reconciled,31,post_smd,derived_borrowed_sd,week8_completer
reconciled,clinician_preferred,all_14,aggregate,pm,reconciled,32,post_smd,derived_borrowed_sd,week8_completer
reconciled,self_preferred,all_14,aggregate,pm,reconciled,33,post_smd,derived_borrowed_sd,week8_completer
reconciled,primary,no_choi,aggregate,pm,reconciled,34,post_smd,derived_borrowed_sd,week8_completer
reconciled,clinician_preferred,no_choi,aggregate,pm,reconciled,35,post_smd,derived_borrowed_sd,week8_completer
reconciled,self_preferred,no_choi,aggregate,pm,reconciled,36,post_smd,derived_borrowed_sd,week8_completer
reconciled,primary,no_moodgym,aggregate,pm,reconciled,37,post_smd,derived_borrowed_sd,week8_completer
reconciled,clinician_preferred,no_moodgym,aggregate,pm,reconciled,38,post_smd,derived_borrowed_sd,week8_completer
reconciled,self_preferred,no_moodgym,aggregate,pm,reconciled,39,post_smd,derived_borrowed_sd,week8_completer
reconciled,primary,no_small_arms,aggregate,pm,reconciled,40,post_smd,derived_borrowed_sd,week8_completer
reconciled,clinician_preferred,no_small_arms,aggregate,pm,reconciled,41,post_smd,derived_borrowed_sd,week8_completer
reconciled,self_preferred,no_small_arms,aggregate,pm,reconciled,42,post_smd,derived_borrowed_sd,week8_completer
reconciled,primary,no_kalapatapu,aggregate,pm,reconciled,43,post_smd,derived_borrowed_sd,week8_completer
reconciled,clinician_preferred,no_kalapatapu,aggregate,pm,reconciled,44,post_smd,derived_borrowed_sd,week8_completer
reconciled,self_preferred,no_kalapatapu,aggregate,pm,reconciled,45,post_smd,derived_borrowed_sd,week8_completer
reconciled,primary,all_14,aggregate,dl_hksj,reconciled,46,post_smd,derived_borrowed_sd,week8_completer
reconciled,clinician_preferred,all_14,aggregate,dl_hksj,reconciled,47,post_smd,derived_borrowed_sd,week8_completer
reconciled,self_preferred,all_14,aggregate,dl_hksj,reconciled,48,post_smd,derived_borrowed_sd,week8_completer
reconciled,primary,no_choi,aggregate,dl_hksj,reconciled,49,post_smd,derived_borrowed_sd,week8_completer
reconciled,clinician_preferred,no_choi,aggregate,dl_hksj,reconciled,50,post_smd,derived_borrowed_sd,week8_completer
reconciled,self_preferred,no_choi,aggregate,dl_hksj,reconciled,51,post_smd,derived_borrowed_sd,week8_completer
reconciled,primary,no_moodgym,aggregate,dl_hksj,reconciled,52,post_smd,derived_borrowed_sd,week8_completer
reconciled,clinician_preferred,no_moodgym,aggregate,dl_hksj,reconciled,53,post_smd,derived_borrowed_sd,week8_completer
reconciled,self_preferred,no_moodgym,aggregate,dl_hksj,reconciled,54,post_smd,derived_borrowed_sd,week8_completer
reconciled,primary,no_small_arms,aggregate,dl_hksj,reconciled,55,post_smd,derived_borrowed_sd,week8_completer
reconciled,clinician_preferred,no_small_arms,aggregate,dl_hksj,reconciled,56,post_smd,derived_borrowed_sd,week8_completer
reconciled,self_preferred,no_small_arms,aggregate,dl_hksj,reconciled,57,post_smd,derived_borrowed_sd,week8_completer
reconciled,primary,no_kalapatapu,aggregate,dl_hksj,reconciled,58,post_smd,derived_borrowed_sd,week8_completer
reconciled,clinician_preferred,no_kalapatapu,aggregate,dl_hksj,reconciled,59,post_smd,derived_borrowed_sd,week8_completer
reconciled,self_preferred,no_kalapatapu,aggregate,dl_hksj,reconciled,60,post_smd,derived_borrowed_sd,week8_completer
reconciled,primary,all_14,aggregate,reml_hksj,reconciled,61,post_smd,derived_borrowed_sd,week8_completer
reconciled,clinician_preferred,all_14,aggregate,reml_hksj,reconciled,62,post_smd,derived_borrowed_sd,week8_completer
reconciled,self_preferred,all_14,aggregate,reml_hksj,reconciled,63,post_smd,derived_borrowed_sd,week8_completer
reconciled,primary,no_choi,aggregate,reml_hksj,reconciled,64,post_smd,derived_borrowed_sd,week8_completer
reconciled,clinician_preferred,no_choi,aggregate,reml_hksj,reconciled,65,post_smd,derived_borrowed_sd,week8_completer
reconciled,self_preferred,no_choi,aggregate,reml_hksj,reconciled,66,post_smd,derived_borrowed_sd,week8_completer
reconciled,primary,no_moodgym,aggregate,reml_hksj,reconciled,67,post_smd,derived_borrowed_sd,week8_completer
reconciled,clinician_preferred,no_moodgym,aggregate,reml_hksj,reconciled,68,post_smd,derived_borrowed_sd,week8_completer
reconciled,self_preferred,no_moodgym,aggregate,reml_hksj,reconciled,69,post_smd,derived_borrowed_sd,week8_completer
reconciled,primary,no_small_arms,aggregate,reml_hksj,reconciled,70,post_smd,derived_borrowed_sd,week8_completer
reconciled,clinician_preferred,no_small_arms,aggregate,reml_hksj,reconciled,71,post_smd,derived_borrowed_sd,week8_completer
reconciled,self_preferred,no_small_arms,aggregate,reml_hksj,reconciled,72,post_smd,derived_borrowed_sd,week8_completer
reconciled,primary,no_kalapatapu,aggregate,reml_hksj,reconciled,73,post_smd,derived_borrowed_sd,week8_completer
reconciled,clinician_preferred,no_kalapatapu,aggregate,reml_hksj,reconciled,74,post_smd,derived_borrowed_sd,week8_completer
reconciled,self_preferred,no_kalapatapu,aggregate,reml_hksj,reconciled,75,post_smd,derived_borrowed_sd,week8_completer
reconciled,primary,all_14,aggregate,pm_hksj,reconciled,76,post_smd,derived_borrowed_sd,week8_completer
reconciled,clinician_preferred,all_14,aggregate,pm_hksj,reconciled,77,post_smd,derived_borrowed_sd,week8_completer
reconciled,self_preferred,all_14,aggregate,pm_hksj,reconciled,78,post_smd,derived_borrowed_sd,week8_completer
reconciled,primary,no_choi,aggregate,pm_hksj,reconciled,79,post_smd,derived_borrowed_sd,week8_completer
reconciled,clinician_preferred,no_choi,aggregate,pm_hksj,reconciled,80,post_smd,derived_borrowed_sd,week8_completer
reconciled,self_preferred,no_choi,aggregate,pm_hksj,reconciled,81,post_smd,derived_borrowed_sd,week8_completer
reconciled,primary,no_moodgym,aggregate,pm_hksj,reconciled,82,post_smd,derived_borrowed_sd,week8_completer
reconciled,clinician_preferred,no_moodgym,aggregate,pm_hksj,reconciled,83,post_smd,derived_borrowed_sd,week8_completer
reconciled,self_preferred,no_moodgym,aggregate,pm_hksj,reconciled,84,post_smd,derived_borrowed_sd,week8_completer
reconciled,primary,no_small_arms,aggregate,pm_hksj,reconciled,85,post_smd,derived_borrowed_sd,week8_completer
reconciled,clinician_preferred,no_small_arms,aggregate,pm_hksj,reconciled,86,post_smd,derived_borrowed_sd,week8_completer
reconciled,self_preferred,no_small_arms,aggregate,pm_hksj,reconciled,87,post_smd,derived_borrowed_sd,week8_completer
reconciled,primary,no_kalapatapu,aggregate,pm_hksj,reconciled,88,post_smd,derived_borrowed_sd,week8_completer
reconciled,clinician_preferred,no_kalapatapu,aggregate,pm_hksj,reconciled,89,post_smd,derived_borrowed_sd,week8_completer
reconciled,self_preferred,no_kalapatapu,aggregate,pm_hksj,reconciled,90,post_smd,derived_borrowed_sd,week8_completer
reconciled,total_wf_2,all_14,modeled,three-level,reconciled,91,post_smd,derived_borrowed_sd,week8_completer
reconciled,total_wf_2,no_choi,modeled,three-level,reconciled,92,post_smd,derived_borrowed_sd,week8_completer
reconciled,total_wf_2,no_moodgym,modeled,three-level,reconciled,93,post_smd,derived_borrowed_sd,week8_completer
reconciled,total_wf_2,no_small_arms,modeled,three-level,reconciled,94,post_smd,derived_borrowed_sd,week8_completer
reconciled,total_wf_2,no_kalapatapu,modeled,three-level,reconciled,95,post_smd,derived_borrowed_sd,week8_completer
reconciled,total_wf_2,all_14,modeled,rve,reconciled,96,post_smd,derived_borrowed_sd,week8_completer
reconciled,total_wf_2,no_choi,modeled,rve,reconciled,97,post_smd,derived_borrowed_sd,week8_completer
reconciled,total_wf_2,no_moodgym,modeled,rve,reconciled,98,post_smd,derived_borrowed_sd,week8_completer
reconciled,total_wf_2,no_small_arms,modeled,rve,reconciled,99,post_smd,derived_borrowed_sd,week8_completer
reconciled,total_wf_2,no_kalapatapu,modeled,rve,reconciled,100,post_smd,derived_borrowed_sd,week8_completer
reconciled,primary,all_14,aggregate,dl,reconciled,1,post_smd,change_smd,endpoint_itt
reconciled,clinician_preferred,all_14,aggregate,dl,reconciled,2,post_smd,change_smd,endpoint_itt
reconciled,self_preferred,all_14,aggregate,dl,reconciled,3,post_smd,change_smd,endpoint_itt
reconciled,primary,no_choi,aggregate,dl,reconciled,4,post_smd,change_smd,endpoint_itt
reconciled,clinician_preferred,no_choi,aggregate,dl,reconciled,5,post_smd,change_smd,endpoint_itt
reconciled,self_preferred,no_choi,aggregate,dl,reconciled,6,post_smd,change_smd,endpoint_itt
reconciled,primary,no_moodgym,aggregate,dl,reconciled,7,post_smd,change_smd,endpoint_itt
reconciled,clinician_preferred,no_moodgym,aggregate,dl,reconciled,8,post_smd,change_smd,endpoint_itt
reconciled,self_preferred,no_moodgym,aggregate,dl,reconciled,9,post_smd,change_smd,endpoint_itt
reconciled,primary,no_small_arms,aggregate,dl,reconciled,10,post_smd,change_smd,endpoint_itt
reconciled,clinician_preferred,no_small_arms,aggregate,dl,reconciled,11,post_smd,change_smd,endpoint_itt
reconciled,self_preferred,no_small_arms,aggregate,dl,reconciled,12,post_smd,change_smd,endpoint_itt
reconciled,primary,no_kalapatapu,aggregate,dl,reconciled,13,post_smd,change_smd,endpoint_itt
reconciled,clinician_preferred,no_kalapatapu,aggregate,dl,reconciled,14,post_smd,change_smd,endpoint_itt
reconciled,self_preferred,no_kalapatapu,aggregate,dl,reconciled,15,post_smd,change_smd,endpoint_itt
reconciled,primary,all_14,aggregate,reml,reconciled,16,post_smd,change_smd,endpoint_itt
reconciled,clinician_preferred,all_14,aggregate,reml,reconciled,17,post_smd,change_smd,endpoint_itt
reconciled,self_preferred,all_14,aggregate,reml,reconciled,18,post_smd,change_smd,endpoint_itt
reconciled,primary,no_choi,aggregate,reml,reconciled,19,post_smd,change_smd,endpoint_itt
reconciled,clinician_preferred,no_choi,aggregate,reml,reconciled,20,post_smd,change_smd,endpoint_itt
reconciled,self_preferred,no_choi,aggregate,reml,reconciled,21,post_smd,change_smd,endpoint_itt
reconciled,primary,no_moodgym,aggregate,reml,reconciled,22,post_smd,change_smd,endpoint_itt
reconciled,clinician_preferred,no_moodgym,aggregate,reml,reconciled,23,post_smd,change_smd,endpoint_itt
reconciled,self_preferred,no_moodgym,aggregate,reml,reconciled,24,post_smd,change_smd,endpoint_itt
reconciled,primary,no_small_arms,aggregate,reml,reconciled,25,post_smd,change_smd,endpoint_itt
reconciled,clinician_preferred,no_small_arms,aggregate,reml,reconciled,26,post_smd,change_smd,endpoint_itt
reconciled,self_preferred,no_small_arms,aggregate,reml,reconciled,27,post_smd,change_smd,endpoint_itt
reconciled,primary,no_kalapatapu,aggregate,reml,reconciled,28,post_smd,change_smd,endpoint_itt
reconciled,clinician_preferred,no_kalapatapu,aggregate,reml,reconciled,29,post_smd,change_smd,endpoint_itt
reconciled,self_preferred,no_kalapatapu,aggregate,reml,reconciled,30,post_smd,change_smd,endpoint_itt
reconciled,primary,all_14,aggregate,pm,reconciled,31,post_smd,change_smd,endpoint_itt
reconciled,clinician_preferred,all_14,aggregate,pm,reconciled,32,post_smd,change_smd,endpoint_itt
reconciled,self_preferred,all_14,aggregate,pm,reconciled,33,post_smd,change_smd,endpoint_itt
reconciled,primary,no_choi,aggregate,pm,reconciled,34,post_smd,change_smd,endpoint_itt
reconciled,clinician_preferred,no_choi,aggregate,pm,reconciled,35,post_smd,change_smd,endpoint_itt
reconciled,self_preferred,no_choi,aggregate,pm,reconciled,36,post_smd,change_smd,endpoint_itt
reconciled,primary,no_moodgym,aggregate,pm,reconciled,37,post_smd,change_smd,endpoint_itt
reconciled,clinician_preferred,no_moodgym,aggregate,pm,reconciled,38,post_smd,change_smd,endpoint_itt
reconciled,self_preferred,no_moodgym,aggregate,pm,reconciled,39,post_smd,change_smd,endpoint_itt
reconciled,primary,no_small_arms,aggregate,pm,reconciled,40,post_smd,change_smd,endpoint_itt
reconciled,clinician_preferred,no_small_arms,aggregate,pm,reconciled,41,post_smd,change_smd,endpoint_itt
reconciled,self_preferred,no_small_arms,aggregate,pm,reconciled,42,post_smd,change_smd,endpoint_itt
reconciled,primary,no_kalapatapu,aggregate,pm,reconciled,43,post_smd,change_smd,endpoint_itt
reconciled,clinician_preferred,no_kalapatapu,aggregate,pm,reconciled,44,post_smd,change_smd,endpoint_itt
reconciled,self_preferred,no_kalapatapu,aggregate,pm,reconciled,45,post_smd,change_smd,endpoint_itt
reconciled,primary,all_14,aggregate,dl_hksj,reconciled,46,post_smd,change_smd,endpoint_itt
reconciled,clinician_preferred,all_14,aggregate,dl_hksj,reconciled,47,post_smd,change_smd,endpoint_itt
reconciled,self_preferred,all_14,aggregate,dl_hksj,reconciled,48,post_smd,change_smd,endpoint_itt
reconciled,primary,no_choi,aggregate,dl_hksj,reconciled,49,post_smd,change_smd,endpoint_itt
reconciled,clinician_preferred,no_choi,aggregate,dl_hksj,reconciled,50,post_smd,change_smd,endpoint_itt
reconciled,self_preferred,no_choi,aggregate,dl_hksj,reconciled,51,post_smd,change_smd,endpoint_itt
reconciled,primary,no_moodgym,aggregate,dl_hksj,reconciled,52,post_smd,change_smd,endpoint_itt
reconciled,clinician_preferred,no_moodgym,aggregate,dl_hksj,reconciled,53,post_smd,change_smd,endpoint_itt
reconciled,self_preferred,no_moodgym,aggregate,dl_hksj,reconciled,54,post_smd,change_smd,endpoint_itt
reconciled,primary,no_small_arms,aggregate,dl_hksj,reconciled,55,post_smd,change_smd,endpoint_itt
reconciled,clinician_preferred,no_small_arms,aggregate,dl_hksj,reconciled,56,post_smd,change_smd,endpoint_itt
reconciled,self_preferred,no_small_arms,aggregate,dl_hksj,reconciled,57,post_smd,change_smd,endpoint_itt
reconciled,primary,no_kalapatapu,aggregate,dl_hksj,reconciled,58,post_smd,change_smd,endpoint_itt
reconciled,clinician_preferred,no_kalapatapu,aggregate,dl_hksj,reconciled,59,post_smd,change_smd,endpoint_itt
reconciled,self_preferred,no_kalapatapu,aggregate,dl_hksj,reconciled,60,post_smd,change_smd,endpoint_itt
reconciled,primary,all_14,aggregate,reml_hksj,reconciled,61,post_smd,change_smd,endpoint_itt
reconciled,clinician_preferred,all_14,aggregate,reml_hksj,reconciled,62,post_smd,change_smd,endpoint_itt
reconciled,self_preferred,all_14,aggregate,reml_hksj,reconciled,63,post_smd,change_smd,endpoint_itt
reconciled,primary,no_choi,aggregate,reml_hksj,reconciled,64,post_smd,change_smd,endpoint_itt
reconciled,clinician_preferred,no_choi,aggregate,reml_hksj,reconciled,65,post_smd,change_smd,endpoint_itt
reconciled,self_preferred,no_choi,aggregate,reml_hksj,reconciled,66,post_smd,change_smd,endpoint_itt
reconciled,primary,no_moodgym,aggregate,reml_hksj,reconciled,67,post_smd,change_smd,endpoint_itt
reconciled,clinician_preferred,no_moodgym,aggregate,reml_hksj,reconciled,68,post_smd,change_smd,endpoint_itt
reconciled,self_preferred,no_moodgym,aggregate,reml_hksj,reconciled,69,post_smd,change_smd,endpoint_itt
reconciled,primary,no_small_arms,aggregate,reml_hksj,reconciled,70,post_smd,change_smd,endpoint_itt
reconciled,clinician_preferred,no_small_arms,aggregate,reml_hksj,reconciled,71,post_smd,change_smd,endpoint_itt
reconciled,self_preferred,no_small_arms,aggregate,reml_hksj,reconciled,72,post_smd,change_smd,endpoint_itt
reconciled,primary,no_kalapatapu,aggregate,reml_hksj,reconciled,73,post_smd,change_smd,endpoint_itt
reconciled,clinician_preferred,no_kalapatapu,aggregate,reml_hksj,reconciled,74,post_smd,change_smd,endpoint_itt
reconciled,self_preferred,no_kalapatapu,aggregate,reml_hksj,reconciled,75,post_smd,change_smd,endpoint_itt
reconciled,primary,all_14,aggregate,pm_hksj,reconciled,76,post_smd,change_smd,endpoint_itt
reconciled,clinician_preferred,all_14,aggregate,pm_hksj,reconciled,77,post_smd,change_smd,endpoint_itt
reconciled,self_preferred,all_14,aggregate,pm_hksj,reconciled,78,post_smd,change_smd,endpoint_itt
reconciled,primary,no_choi,aggregate,pm_hksj,reconciled,79,post_smd,change_smd,endpoint_itt
reconciled,clinician_preferred,no_choi,aggregate,pm_hksj,reconciled,80,post_smd,change_smd,endpoint_itt
reconciled,self_preferred,no_choi,aggregate,pm_hksj,reconciled,81,post_smd,change_smd,endpoint_itt
reconciled,primary,no_moodgym,aggregate,pm_hksj,reconciled,82,post_smd,change_smd,endpoint_itt
reconciled,clinician_preferred,no_moodgym,aggregate,pm_hksj,reconciled,83,post_smd,change_smd,endpoint_itt
reconciled,self_preferred,no_moodgym,aggregate,pm_hksj,reconciled,84,post_smd,change_smd,endpoint_itt
reconciled,primary,no_small_arms,aggregate,pm_hksj,reconciled,85,post_smd,change_smd,endpoint_itt
reconciled,clinician_preferred,no_small_arms,aggregate,pm_hksj,reconciled,86,post_smd,change_smd,endpoint_itt
reconciled,self_preferred,no_small_arms,aggregate,pm_hksj,reconciled,87,post_smd,change_smd,endpoint_itt
reconciled,primary,no_kalapatapu,aggregate,pm_hksj,reconciled,88,post_smd,change_smd,endpoint_itt
reconciled,clinician_preferred,no_kalapatapu,aggregate,pm_hksj,reconciled,89,post_smd,change_smd,endpoint_itt
reconciled,self_preferred,no_kalapatapu,aggregate,pm_hksj,reconciled,90,post_smd,change_smd,endpoint_itt
reconciled,total_wf_2,all_14,modeled,three-level,reconciled,91,post_smd,change_smd,endpoint_itt
reconciled,total_wf_2,no_choi,modeled,three-level,reconciled,92,post_smd,change_smd,endpoint_itt
reconciled,total_wf_2,no_moodgym,modeled,three-level,reconciled,93,post_smd,change_smd,endpoint_itt
reconciled,total_wf_2,no_small_arms,modeled,three-level,reconciled,94,post_smd,change_smd,endpoint_itt
reconciled,total_wf_2,no_kalapatapu,modeled,three-level,reconciled,95,post_smd,change_smd,endpoint_itt
reconciled,total_wf_2,all_14,modeled,rve,reconciled,96,post_smd,change_smd,endpoint_itt
reconciled,total_wf_2,no_choi,modeled,rve,reconciled,97,post_smd,change_smd,endpoint_itt
reconciled,total_wf_2,no_moodgym,modeled,rve,reconciled,98,post_smd,change_smd,endpoint_itt
reconciled,total_wf_2,no_small_arms,modeled,rve,reconciled,99,post_smd,change_smd,endpoint_itt
reconciled,total_wf_2,no_kalapatapu,modeled,rve,reconciled,100,post_smd,change_smd,endpoint_itt
reconciled,primary,all_14,aggregate,dl,reconciled,1,post_smd,change_smd,week8_completer
reconciled,clinician_preferred,all_14,aggregate,dl,reconciled,2,post_smd,change_smd,week8_completer
reconciled,self_preferred,all_14,aggregate,dl,reconciled,3,post_smd,change_smd,week8_completer
reconciled,primary,no_choi,aggregate,dl,reconciled,4,post_smd,change_smd,week8_completer
reconciled,clinician_preferred,no_choi,aggregate,dl,reconciled,5,post_smd,change_smd,week8_completer
reconciled,self_preferred,no_choi,aggregate,dl,reconciled,6,post_smd,change_smd,week8_completer
reconciled,primary,no_moodgym,aggregate,dl,reconciled,7,post_smd,change_smd,week8_completer
reconciled,clinician_preferred,no_moodgym,aggregate,dl,reconciled,8,post_smd,change_smd,week8_completer
reconciled,self_preferred,no_moodgym,aggregate,dl,reconciled,9,post_smd,change_smd,week8_completer
reconciled,primary,no_small_arms,aggregate,dl,reconciled,10,post_smd,change_smd,week8_completer
reconciled,clinician_preferred,no_small_arms,aggregate,dl,reconciled,11,post_smd,change_smd,week8_completer
reconciled,self_preferred,no_small_arms,aggregate,dl,reconciled,12,post_smd,change_smd,week8_completer
reconciled,primary,no_kalapatapu,aggregate,dl,reconciled,13,post_smd,change_smd,week8_completer
reconciled,clinician_preferred,no_kalapatapu,aggregate,dl,reconciled,14,post_smd,change_smd,week8_completer
reconciled,self_preferred,no_kalapatapu,aggregate,dl,reconciled,15,post_smd,change_smd,week8_completer
reconciled,primary,all_14,aggregate,reml,reconciled,16,post_smd,change_smd,week8_completer
reconciled,clinician_preferred,all_14,aggregate,reml,reconciled,17,post_smd,change_smd,week8_completer
reconciled,self_preferred,all_14,aggregate,reml,reconciled,18,post_smd,change_smd,week8_completer
reconciled,primary,no_choi,aggregate,reml,reconciled,19,post_smd,change_smd,week8_completer
reconciled,clinician_preferred,no_choi,aggregate,reml,reconciled,20,post_smd,change_smd,week8_completer
reconciled,self_preferred,no_choi,aggregate,reml,reconciled,21,post_smd,change_smd,week8_completer
reconciled,primary,no_moodgym,aggregate,reml,reconciled,22,post_smd,change_smd,week8_completer
reconciled,clinician_preferred,no_moodgym,aggregate,reml,reconciled,23,post_smd,change_smd,week8_completer
reconciled,self_preferred,no_moodgym,aggregate,reml,reconciled,24,post_smd,change_smd,week8_completer
reconciled,primary,no_small_arms,aggregate,reml,reconciled,25,post_smd,change_smd,week8_completer
reconciled,clinician_preferred,no_small_arms,aggregate,reml,reconciled,26,post_smd,change_smd,week8_completer
reconciled,self_preferred,no_small_arms,aggregate,reml,reconciled,27,post_smd,change_smd,week8_completer
reconciled,primary,no_kalapatapu,aggregate,reml,reconciled,28,post_smd,change_smd,week8_completer
reconciled,clinician_preferred,no_kalapatapu,aggregate,reml,reconciled,29,post_smd,change_smd,week8_completer
reconciled,self_preferred,no_kalapatapu,aggregate,reml,reconciled,30,post_smd,change_smd,week8_completer
reconciled,primary,all_14,aggregate,pm,reconciled,31,post_smd,change_smd,week8_completer
reconciled,clinician_preferred,all_14,aggregate,pm,reconciled,32,post_smd,change_smd,week8_completer
reconciled,self_preferred,all_14,aggregate,pm,reconciled,33,post_smd,change_smd,week8_completer
reconciled,primary,no_choi,aggregate,pm,reconciled,34,post_smd,change_smd,week8_completer
reconciled,clinician_preferred,no_choi,aggregate,pm,reconciled,35,post_smd,change_smd,week8_completer
reconciled,self_preferred,no_choi,aggregate,pm,reconciled,36,post_smd,change_smd,week8_completer
reconciled,primary,no_moodgym,aggregate,pm,reconciled,37,post_smd,change_smd,week8_completer
reconciled,clinician_preferred,no_moodgym,aggregate,pm,reconciled,38,post_smd,change_smd,week8_completer
reconciled,self_preferred,no_moodgym,aggregate,pm,reconciled,39,post_smd,change_smd,week8_completer
reconciled,primary,no_small_arms,aggregate,pm,reconciled,40,post_smd,change_smd,week8_completer
reconciled,clinician_preferred,no_small_arms,aggregate,pm,reconciled,41,post_smd,change_smd,week8_completer
reconciled,self_preferred,no_small_arms,aggregate,pm,reconciled,42,post_smd,change_smd,week8_completer
reconciled,primary,no_kalapatapu,aggregate,pm,reconciled,43,post_smd,change_smd,week8_completer
reconciled,clinician_preferred,no_kalapatapu,aggregate,pm,reconciled,44,post_smd,change_smd,week8_completer
reconciled,self_preferred,no_kalapatapu,aggregate,pm,reconciled,45,post_smd,change_smd,week8_completer
reconciled,primary,all_14,aggregate,dl_hksj,reconciled,46,post_smd,change_smd,week8_completer
reconciled,clinician_preferred,all_14,aggregate,dl_hksj,reconciled,47,post_smd,change_smd,week8_completer
reconciled,self_preferred,all_14,aggregate,dl_hksj,reconciled,48,post_smd,change_smd,week8_completer
reconciled,primary,no_choi,aggregate,dl_hksj,reconciled,49,post_smd,change_smd,week8_completer
reconciled,clinician_preferred,no_choi,aggregate,dl_hksj,reconciled,50,post_smd,change_smd,week8_completer
reconciled,self_preferred,no_choi,aggregate,dl_hksj,reconciled,51,post_smd,change_smd,week8_completer
reconciled,primary,no_moodgym,aggregate,dl_hksj,reconciled,52,post_smd,change_smd,week8_completer
reconciled,clinician_preferred,no_moodgym,aggregate,dl_hksj,reconciled,53,post_smd,change_smd,week8_completer
reconciled,self_preferred,no_moodgym,aggregate,dl_hksj,reconciled,54,post_smd,change_smd,week8_completer
reconciled,primary,no_small_arms,aggregate,dl_hksj,reconciled,55,post_smd,change_smd,week8_completer
reconciled,clinician_preferred,no_small_arms,aggregate,dl_hksj,reconciled,56,post_smd,change_smd,week8_completer
reconciled,self_preferred,no_small_arms,aggregate,dl_hksj,reconciled,57,post_smd,change_smd,week8_completer
reconciled,primary,no_kalapatapu,aggregate,dl_hksj,reconciled,58,post_smd,change_smd,week8_completer
reconciled,clinician_preferred,no_kalapatapu,aggregate,dl_hksj,reconciled,59,post_smd,change_smd,week8_completer
reconciled,self_preferred,no_kalapatapu,aggregate,dl_hksj,reconciled,60,post_smd,change_smd,week8_completer
reconciled,primary,all_14,aggregate,reml_hksj,reconciled,61,post_smd,change_smd,week8_completer
reconciled,clinician_preferred,all_14,aggregate,reml_hksj,reconciled,62,post_smd,change_smd,week8_completer
reconciled,self_preferred,all_14,aggregate,reml_hksj,reconciled,63,post_smd,change_smd,week8_completer
reconciled,primary,no_choi,aggregate,reml_hksj,reconciled,64,post_smd,change_smd,week8_completer
reconciled,clinician_preferred,no_choi,aggregate,reml_hksj,reconciled,65,post_smd,change_smd,week8_completer
reconciled,self_preferred,no_choi,aggregate,reml_hksj,reconciled,66,post_smd,change_smd,week8_completer
reconciled,primary,no_moodgym,aggregate,reml_hksj,reconciled,67,post_smd,change_smd,week8_completer
reconciled,clinician_preferred,no_moodgym,aggregate,reml_hksj,reconciled,68,post_smd,change_smd,week8_completer
reconciled,self_preferred,no_moodgym,aggregate,reml_hksj,reconciled,69,post_smd,change_smd,week8_completer
reconciled,primary,no_small_arms,aggregate,reml_hksj,reconciled,70,post_smd,change_smd,week8_completer
reconciled,clinician_preferred,no_small_arms,aggregate,reml_hksj,reconciled,71,post_smd,change_smd,week8_completer
reconciled,self_preferred,no_small_arms,aggregate,reml_hksj,reconciled,72,post_smd,change_smd,week8_completer
reconciled,primary,no_kalapatapu,aggregate,reml_hksj,reconciled,73,post_smd,change_smd,week8_completer
reconciled,clinician_preferred,no_kalapatapu,aggregate,reml_hksj,reconciled,74,post_smd,change_smd,week8_completer
reconciled,self_preferred,no_kalapatapu,aggregate,reml_hksj,reconciled,75,post_smd,change_smd,week8_completer
reconciled,primary,all_14,aggregate,pm_hksj,reconciled,76,post_smd,change_smd,week8_completer
reconciled,clinician_preferred,all_14,aggregate,pm_hksj,reconciled,77,post_smd,change_smd,week8_completer
reconciled,self_preferred,all_14,aggregate,pm_hksj,reconciled,78,post_smd,change_smd,week8_completer
reconciled,primary,no_choi,aggregate,pm_hksj,reconciled,79,post_smd,change_smd,week8_completer
reconciled,clinician_preferred,no_choi,aggregate,pm_hksj,reconciled,80,post_smd,change_smd,week8_completer
reconciled,self_preferred,no_choi,aggregate,pm_hksj,reconciled,81,post_smd,change_smd,week8_completer
reconciled,primary,no_moodgym,aggregate,pm_hksj,reconciled,82,post_smd,change_smd,week8_completer
reconciled,clinician_preferred,no_moodgym,aggregate,pm_hksj,reconciled,83,post_smd,change_smd,week8_completer
reconciled,self_preferred,no_moodgym,aggregate,pm_hksj,reconciled,84,post_smd,change_smd,week8_completer
reconciled,primary,no_small_arms,aggregate,pm_hksj,reconciled,85,post_smd,change_smd,week8_completer
reconciled,clinician_preferred,no_small_arms,aggregate,pm_hksj,reconciled,86,post_smd,change_smd,week8_completer
reconciled,self_preferred,no_small_arms,aggregate,pm_hksj,reconciled,87,post_smd,change_smd,week8_completer
reconciled,primary,no_kalapatapu,aggregate,pm_hksj,reconciled,88,post_smd,change_smd,week8_completer
reconciled,clinician_preferred,no_kalapatapu,aggregate,pm_hksj,reconciled,89,post_smd,change_smd,week8_completer
reconciled,self_preferred,no_kalapatapu,aggregate,pm_hksj,reconciled,90,post_smd,change_smd,week8_completer
reconciled,total_wf_2,all_14,modeled,three-level,reconciled,91,post_smd,change_smd,week8_completer
reconciled,total_wf_2,no_choi,modeled,three-level,reconciled,92,post_smd,change_smd,week8_completer
reconciled,total_wf_2,no_moodgym,modeled,three-level,reconciled,93,post_smd,change_smd,week8_completer
reconciled,total_wf_2,no_small_arms,modeled,three-level,reconciled,94,post_smd,change_smd,week8_completer
reconciled,total_wf_2,no_kalapatapu,modeled,three-level,reconciled,95,post_smd,change_smd,week8_completer
reconciled,total_wf_2,all_14,modeled,rve,reconciled,96,post_smd,change_smd,week8_completer
reconciled,total_wf_2,no_choi,modeled,rve,reconciled,97,post_smd,change_smd,week8_completer
reconciled,total_wf_2,no_moodgym,modeled,rve,reconciled,98,post_smd,change_smd,week8_completer
reconciled,total_wf_2,no_small_arms,modeled,rve,reconciled,99,post_smd,change_smd,week8_completer
reconciled,total_wf_2,no_kalapatapu,modeled,rve,reconciled,100,post_smd,change_smd,week8_completer
reconciled,primary,all_14,aggregate,dl,reconciled,1,adjusted_hybrid,derived_borrowed_sd,endpoint_itt
reconciled,clinician_preferred,all_14,aggregate,dl,reconciled,2,adjusted_hybrid,derived_borrowed_sd,endpoint_itt
reconciled,self_preferred,all_14,aggregate,dl,reconciled,3,adjusted_hybrid,derived_borrowed_sd,endpoint_itt
reconciled,primary,no_choi,aggregate,dl,reconciled,4,adjusted_hybrid,derived_borrowed_sd,endpoint_itt
reconciled,clinician_preferred,no_choi,aggregate,dl,reconciled,5,adjusted_hybrid,derived_borrowed_sd,endpoint_itt
reconciled,self_preferred,no_choi,aggregate,dl,reconciled,6,adjusted_hybrid,derived_borrowed_sd,endpoint_itt
reconciled,primary,no_moodgym,aggregate,dl,reconciled,7,adjusted_hybrid,derived_borrowed_sd,endpoint_itt
reconciled,clinician_preferred,no_moodgym,aggregate,dl,reconciled,8,adjusted_hybrid,derived_borrowed_sd,endpoint_itt
reconciled,self_preferred,no_moodgym,aggregate,dl,reconciled,9,adjusted_hybrid,derived_borrowed_sd,endpoint_itt
reconciled,primary,no_small_arms,aggregate,dl,reconciled,10,adjusted_hybrid,derived_borrowed_sd,endpoint_itt
reconciled,clinician_preferred,no_small_arms,aggregate,dl,reconciled,11,adjusted_hybrid,derived_borrowed_sd,endpoint_itt
reconciled,self_preferred,no_small_arms,aggregate,dl,reconciled,12,adjusted_hybrid,derived_borrowed_sd,endpoint_itt
reconciled,primary,no_kalapatapu,aggregate,dl,reconciled,13,adjusted_hybrid,derived_borrowed_sd,endpoint_itt
reconciled,clinician_preferred,no_kalapatapu,aggregate,dl,reconciled,14,adjusted_hybrid,derived_borrowed_sd,endpoint_itt
reconciled,self_preferred,no_kalapatapu,aggregate,dl,reconciled,15,adjusted_hybrid,derived_borrowed_sd,endpoint_itt
reconciled,primary,all_14,aggregate,reml,reconciled,16,adjusted_hybrid,derived_borrowed_sd,endpoint_itt
reconciled,clinician_preferred,all_14,aggregate,reml,reconciled,17,adjusted_hybrid,derived_borrowed_sd,endpoint_itt
reconciled,self_preferred,all_14,aggregate,reml,reconciled,18,adjusted_hybrid,derived_borrowed_sd,endpoint_itt
reconciled,primary,no_choi,aggregate,reml,reconciled,19,adjusted_hybrid,derived_borrowed_sd,endpoint_itt
reconciled,clinician_preferred,no_choi,aggregate,reml,reconciled,20,adjusted_hybrid,derived_borrowed_sd,endpoint_itt
reconciled,self_preferred,no_choi,aggregate,reml,reconciled,21,adjusted_hybrid,derived_borrowed_sd,endpoint_itt
reconciled,primary,no_moodgym,aggregate,reml,reconciled,22,adjusted_hybrid,derived_borrowed_sd,endpoint_itt
reconciled,clinician_preferred,no_moodgym,aggregate,reml,reconciled,23,adjusted_hybrid,derived_borrowed_sd,endpoint_itt
reconciled,self_preferred,no_moodgym,aggregate,reml,reconciled,24,adjusted_hybrid,derived_borrowed_sd,endpoint_itt
reconciled,primary,no_small_arms,aggregate,reml,reconciled,25,adjusted_hybrid,derived_borrowed_sd,endpoint_itt
reconciled,clinician_preferred,no_small_arms,aggregate,reml,reconciled,26,adjusted_hybrid,derived_borrowed_sd,endpoint_itt
reconciled,self_preferred,no_small_arms,aggregate,reml,reconciled,27,adjusted_hybrid,derived_borrowed_sd,endpoint_itt
reconciled,primary,no_kalapatapu,aggregate,reml,reconciled,28,adjusted_hybrid,derived_borrowed_sd,endpoint_itt
reconciled,clinician_preferred,no_kalapatapu,aggregate,reml,reconciled,29,adjusted_hybrid,derived_borrowed_sd,endpoint_itt
reconciled,self_preferred,no_kalapatapu,aggregate,reml,reconciled,30,adjusted_hybrid,derived_borrowed_sd,endpoint_itt
reconciled,primary,all_14,aggregate,pm,reconciled,31,adjusted_hybrid,derived_borrowed_sd,endpoint_itt
reconciled,clinician_preferred,all_14,aggregate,pm,reconciled,32,adjusted_hybrid,derived_borrowed_sd,endpoint_itt
reconciled,self_preferred,all_14,aggregate,pm,reconciled,33,adjusted_hybrid,derived_borrowed_sd,endpoint_itt
reconciled,primary,no_choi,aggregate,pm,reconciled,34,adjusted_hybrid,derived_borrowed_sd,endpoint_itt
reconciled,clinician_preferred,no_choi,aggregate,pm,reconciled,35,adjusted_hybrid,derived_borrowed_sd,endpoint_itt
reconciled,self_preferred,no_choi,aggregate,pm,reconciled,36,adjusted_hybrid,derived_borrowed_sd,endpoint_itt
reconciled,primary,no_moodgym,aggregate,pm,reconciled,37,adjusted_hybrid,derived_borrowed_sd,endpoint_itt
reconciled,clinician_preferred,no_moodgym,aggregate,pm,reconciled,38,adjusted_hybrid,derived_borrowed_sd,endpoint_itt
reconciled,self_preferred,no_moodgym,aggregate,pm,reconciled,39,adjusted_hybrid,derived_borrowed_sd,endpoint_itt
reconciled,primary,no_small_arms,aggregate,pm,reconciled,40,adjusted_hybrid,derived_borrowed_sd,endpoint_itt
reconciled,clinician_preferred,no_small_arms,aggregate,pm,reconciled,41,adjusted_hybrid,derived_borrowed_sd,endpoint_itt
reconciled,self_preferred,no_small_arms,aggregate,pm,reconciled,42,adjusted_hybrid,derived_borrowed_sd,endpoint_itt
reconciled,primary,no_kalapatapu,aggregate,pm,reconciled,43,adjusted_hybrid,derived_borrowed_sd,endpoint_itt
reconciled,clinician_preferred,no_kalapatapu,aggregate,pm,reconciled,44,adjusted_hybrid,derived_borrowed_sd,endpoint_itt
reconciled,self_preferred,no_kalapatapu,aggregate,pm,reconciled,45,adjusted_hybrid,derived_borrowed_sd,endpoint_itt
reconciled,primary,all_14,aggregate,dl_hksj,reconciled,46,adjusted_hybrid,derived_borrowed_sd,endpoint_itt
reconciled,clinician_preferred,all_14,aggregate,dl_hksj,reconciled,47,adjusted_hybrid,derived_borrowed_sd,endpoint_itt
reconciled,self_preferred,all_14,aggregate,dl_hksj,reconciled,48,adjusted_hybrid,derived_borrowed_sd,endpoint_itt
reconciled,primary,no_choi,aggregate,dl_hksj,reconciled,49,adjusted_hybrid,derived_borrowed_sd,endpoint_itt
reconciled,clinician_preferred,no_choi,aggregate,dl_hksj,reconciled,50,adjusted_hybrid,derived_borrowed_sd,endpoint_itt
reconciled,self_preferred,no_choi,aggregate,dl_hksj,reconciled,51,adjusted_hybrid,derived_borrowed_sd,endpoint_itt
reconciled,primary,no_moodgym,aggregate,dl_hksj,reconciled,52,adjusted_hybrid,derived_borrowed_sd,endpoint_itt
reconciled,clinician_preferred,no_moodgym,aggregate,dl_hksj,reconciled,53,adjusted_hybrid,derived_borrowed_sd,endpoint_itt
reconciled,self_preferred,no_moodgym,aggregate,dl_hksj,reconciled,54,adjusted_hybrid,derived_borrowed_sd,endpoint_itt
reconciled,primary,no_small_arms,aggregate,dl_hksj,reconciled,55,adjusted_hybrid,derived_borrowed_sd,endpoint_itt
reconciled,clinician_preferred,no_small_arms,aggregate,dl_hksj,reconciled,56,adjusted_hybrid,derived_borrowed_sd,endpoint_itt
reconciled,self_preferred,no_small_arms,aggregate,dl_hksj,reconciled,57,adjusted_hybrid,derived_borrowed_sd,endpoint_itt
reconciled,primary,no_kalapatapu,aggregate,dl_hksj,reconciled,58,adjusted_hybrid,derived_borrowed_sd,endpoint_itt
reconciled,clinician_preferred,no_kalapatapu,aggregate,dl_hksj,reconciled,59,adjusted_hybrid,derived_borrowed_sd,endpoint_itt
reconciled,self_preferred,no_kalapatapu,aggregate,dl_hksj,reconciled,60,adjusted_hybrid,derived_borrowed_sd,endpoint_itt
reconciled,primary,all_14,aggregate,reml_hksj,reconciled,61,adjusted_hybrid,derived_borrowed_sd,endpoint_itt
reconciled,clinician_preferred,all_14,aggregate,reml_hksj,reconciled,62,adjusted_hybrid,derived_borrowed_sd,endpoint_itt
reconciled,self_preferred,all_14,aggregate,reml_hksj,reconciled,63,adjusted_hybrid,derived_borrowed_sd,endpoint_itt
reconciled,primary,no_choi,aggregate,reml_hksj,reconciled,64,adjusted_hybrid,derived_borrowed_sd,endpoint_itt
reconciled,clinician_preferred,no_choi,aggregate,reml_hksj,reconciled,65,adjusted_hybrid,derived_borrowed_sd,endpoint_itt
reconciled,self_preferred,no_choi,aggregate,reml_hksj,reconciled,66,adjusted_hybrid,derived_borrowed_sd,endpoint_itt
reconciled,primary,no_moodgym,aggregate,reml_hksj,reconciled,67,adjusted_hybrid,derived_borrowed_sd,endpoint_itt
reconciled,clinician_preferred,no_moodgym,aggregate,reml_hksj,reconciled,68,adjusted_hybrid,derived_borrowed_sd,endpoint_itt
reconciled,self_preferred,no_moodgym,aggregate,reml_hksj,reconciled,69,adjusted_hybrid,derived_borrowed_sd,endpoint_itt
reconciled,primary,no_small_arms,aggregate,reml_hksj,reconciled,70,adjusted_hybrid,derived_borrowed_sd,endpoint_itt
reconciled,clinician_preferred,no_small_arms,aggregate,reml_hksj,reconciled,71,adjusted_hybrid,derived_borrowed_sd,endpoint_itt
reconciled,self_preferred,no_small_arms,aggregate,reml_hksj,reconciled,72,adjusted_hybrid,derived_borrowed_sd,endpoint_itt
reconciled,primary,no_kalapatapu,aggregate,reml_hksj,reconciled,73,adjusted_hybrid,derived_borrowed_sd,endpoint_itt
reconciled,clinician_preferred,no_kalapatapu,aggregate,reml_hksj,reconciled,74,adjusted_hybrid,derived_borrowed_sd,endpoint_itt
reconciled,self_preferred,no_kalapatapu,aggregate,reml_hksj,reconciled,75,adjusted_hybrid,derived_borrowed_sd,endpoint_itt
reconciled,primary,all_14,aggregate,pm_hksj,reconciled,76,adjusted_hybrid,derived_borrowed_sd,endpoint_itt
reconciled,clinician_preferred,all_14,aggregate,pm_hksj,reconciled,77,adjusted_hybrid,derived_borrowed_sd,endpoint_itt
reconciled,self_preferred,all_14,aggregate,pm_hksj,reconciled,78,adjusted_hybrid,derived_borrowed_sd,endpoint_itt
reconciled,primary,no_choi,aggregate,pm_hksj,reconciled,79,adjusted_hybrid,derived_borrowed_sd,endpoint_itt
reconciled,clinician_preferred,no_choi,aggregate,pm_hksj,reconciled,80,adjusted_hybrid,derived_borrowed_sd,endpoint_itt
reconciled,self_preferred,no_choi,aggregate,pm_hksj,reconciled,81,adjusted_hybrid,derived_borrowed_sd,endpoint_itt
reconciled,primary,no_moodgym,aggregate,pm_hksj,reconciled,82,adjusted_hybrid,derived_borrowed_sd,endpoint_itt
reconciled,clinician_preferred,no_moodgym,aggregate,pm_hksj,reconciled,83,adjusted_hybrid,derived_borrowed_sd,endpoint_itt
reconciled,self_preferred,no_moodgym,aggregate,pm_hksj,reconciled,84,adjusted_hybrid,derived_borrowed_sd,endpoint_itt
reconciled,primary,no_small_arms,aggregate,pm_hksj,reconciled,85,adjusted_hybrid,derived_borrowed_sd,endpoint_itt
reconciled,clinician_preferred,no_small_arms,aggregate,pm_hksj,reconciled,86,adjusted_hybrid,derived_borrowed_sd,endpoint_itt
reconciled,self_preferred,no_small_arms,aggregate,pm_hksj,reconciled,87,adjusted_hybrid,derived_borrowed_sd,endpoint_itt
reconciled,primary,no_kalapatapu,aggregate,pm_hksj,reconciled,88,adjusted_hybrid,derived_borrowed_sd,endpoint_itt
reconciled,clinician_preferred,no_kalapatapu,aggregate,pm_hksj,reconciled,89,adjusted_hybrid,derived_borrowed_sd,endpoint_itt
reconciled,self_preferred,no_kalapatapu,aggregate,pm_hksj,reconciled,90,adjusted_hybrid,derived_borrowed_sd,endpoint_itt
reconciled,total_wf_2,all_14,modeled,three-level,reconciled,91,adjusted_hybrid,derived_borrowed_sd,endpoint_itt
reconciled,total_wf_2,no_choi,modeled,three-level,reconciled,92,adjusted_hybrid,derived_borrowed_sd,endpoint_itt
reconciled,total_wf_2,no_moodgym,modeled,three-level,reconciled,93,adjusted_hybrid,derived_borrowed_sd,endpoint_itt
reconciled,total_wf_2,no_small_arms,modeled,three-level,reconciled,94,adjusted_hybrid,derived_borrowed_sd,endpoint_itt
reconciled,total_wf_2,no_kalapatapu,modeled,three-level,reconciled,95,adjusted_hybrid,derived_borrowed_sd,endpoint_itt
reconciled,total_wf_2,all_14,modeled,rve,reconciled,96,adjusted_hybrid,derived_borrowed_sd,endpoint_itt
reconciled,total_wf_2,no_choi,modeled,rve,reconciled,97,adjusted_hybrid,derived_borrowed_sd,endpoint_itt
reconciled,total_wf_2,no_moodgym,modeled,rve,reconciled,98,adjusted_hybrid,derived_borrowed_sd,endpoint_itt
reconciled,total_wf_2,no_small_arms,modeled,rve,reconciled,99,adjusted_hybrid,derived_borrowed_sd,endpoint_itt
reconciled,total_wf_2,no_kalapatapu,modeled,rve,reconciled,100,adjusted_hybrid,derived_borrowed_sd,endpoint_itt
reconciled,primary,all_14,aggregate,dl,reconciled,1,adjusted_hybrid,derived_borrowed_sd,week8_completer
reconciled,clinician_preferred,all_14,aggregate,dl,reconciled,2,adjusted_hybrid,derived_borrowed_sd,week8_completer
reconciled,self_preferred,all_14,aggregate,dl,reconciled,3,adjusted_hybrid,derived_borrowed_sd,week8_completer
reconciled,primary,no_choi,aggregate,dl,reconciled,4,adjusted_hybrid,derived_borrowed_sd,week8_completer
reconciled,clinician_preferred,no_choi,aggregate,dl,reconciled,5,adjusted_hybrid,derived_borrowed_sd,week8_completer
reconciled,self_preferred,no_choi,aggregate,dl,reconciled,6,adjusted_hybrid,derived_borrowed_sd,week8_completer
reconciled,primary,no_moodgym,aggregate,dl,reconciled,7,adjusted_hybrid,derived_borrowed_sd,week8_completer
reconciled,clinician_preferred,no_moodgym,aggregate,dl,reconciled,8,adjusted_hybrid,derived_borrowed_sd,week8_completer
reconciled,self_preferred,no_moodgym,aggregate,dl,reconciled,9,adjusted_hybrid,derived_borrowed_sd,week8_completer
reconciled,primary,no_small_arms,aggregate,dl,reconciled,10,adjusted_hybrid,derived_borrowed_sd,week8_completer
reconciled,clinician_preferred,no_small_arms,aggregate,dl,reconciled,11,adjusted_hybrid,derived_borrowed_sd,week8_completer
reconciled,self_preferred,no_small_arms,aggregate,dl,reconciled,12,adjusted_hybrid,derived_borrowed_sd,week8_completer
reconciled,primary,no_kalapatapu,aggregate,dl,reconciled,13,adjusted_hybrid,derived_borrowed_sd,week8_completer
reconciled,clinician_preferred,no_kalapatapu,aggregate,dl,reconciled,14,adjusted_hybrid,derived_borrowed_sd,week8_completer
reconciled,self_preferred,no_kalapatapu,aggregate,dl,reconciled,15,adjusted_hybrid,derived_borrowed_sd,week8_completer
reconciled,primary,all_14,aggregate,reml,reconciled,16,adjusted_hybrid,derived_borrowed_sd,week8_completer
reconciled,clinician_preferred,all_14,aggregate,reml,reconciled,17,adjusted_hybrid,derived_borrowed_sd,week8_completer
reconciled,self_preferred,all_14,aggregate,reml,reconciled,18,adjusted_hybrid,derived_borrowed_sd,week8_completer
reconciled,primary,no_choi,aggregate,reml,reconciled,19,adjusted_hybrid,derived_borrowed_sd,week8_completer
reconciled,clinician_preferred,no_choi,aggregate,reml,reconciled,20,adjusted_hybrid,derived_borrowed_sd,week8_completer
reconciled,self_preferred,no_choi,aggregate,reml,reconciled,21,adjusted_hybrid,derived_borrowed_sd,week8_completer
reconciled,primary,no_moodgym,aggregate,reml,reconciled,22,adjusted_hybrid,derived_borrowed_sd,week8_completer
reconciled,clinician_preferred,no_moodgym,aggregate,reml,reconciled,23,adjusted_hybrid,derived_borrowed_sd,week8_completer
reconciled,self_preferred,no_moodgym,aggregate,reml,reconciled,24,adjusted_hybrid,derived_borrowed_sd,week8_completer
reconciled,primary,no_small_arms,aggregate,reml,reconciled,25,adjusted_hybrid,derived_borrowed_sd,week8_completer
reconciled,clinician_preferred,no_small_arms,aggregate,reml,reconciled,26,adjusted_hybrid,derived_borrowed_sd,week8_completer
reconciled,self_preferred,no_small_arms,aggregate,reml,reconciled,27,adjusted_hybrid,derived_borrowed_sd,week8_completer
reconciled,primary,no_kalapatapu,aggregate,reml,reconciled,28,adjusted_hybrid,derived_borrowed_sd,week8_completer
reconciled,clinician_preferred,no_kalapatapu,aggregate,reml,reconciled,29,adjusted_hybrid,derived_borrowed_sd,week8_completer
reconciled,self_preferred,no_kalapatapu,aggregate,reml,reconciled,30,adjusted_hybrid,derived_borrowed_sd,week8_completer
reconciled,primary,all_14,aggregate,pm,reconciled,31,adjusted_hybrid,derived_borrowed_sd,week8_completer
reconciled,clinician_preferred,all_14,aggregate,pm,reconciled,32,adjusted_hybrid,derived_borrowed_sd,week8_completer
reconciled,self_preferred,all_14,aggregate,pm,reconciled,33,adjusted_hybrid,derived_borrowed_sd,week8_completer
reconciled,primary,no_choi,aggregate,pm,reconciled,34,adjusted_hybrid,derived_borrowed_sd,week8_completer
reconciled,clinician_preferred,no_choi,aggregate,pm,reconciled,35,adjusted_hybrid,derived_borrowed_sd,week8_completer
reconciled,self_preferred,no_choi,aggregate,pm,reconciled,36,adjusted_hybrid,derived_borrowed_sd,week8_completer
reconciled,primary,no_moodgym,aggregate,pm,reconciled,37,adjusted_hybrid,derived_borrowed_sd,week8_completer
reconciled,clinician_preferred,no_moodgym,aggregate,pm,reconciled,38,adjusted_hybrid,derived_borrowed_sd,week8_completer
reconciled,self_preferred,no_moodgym,aggregate,pm,reconciled,39,adjusted_hybrid,derived_borrowed_sd,week8_completer
reconciled,primary,no_small_arms,aggregate,pm,reconciled,40,adjusted_hybrid,derived_borrowed_sd,week8_completer
reconciled,clinician_preferred,no_small_arms,aggregate,pm,reconciled,41,adjusted_hybrid,derived_borrowed_sd,week8_completer
reconciled,self_preferred,no_small_arms,aggregate,pm,reconciled,42,adjusted_hybrid,derived_borrowed_sd,week8_completer
reconciled,primary,no_kalapatapu,aggregate,pm,reconciled,43,adjusted_hybrid,derived_borrowed_sd,week8_completer
reconciled,clinician_preferred,no_kalapatapu,aggregate,pm,reconciled,44,adjusted_hybrid,derived_borrowed_sd,week8_completer
reconciled,self_preferred,no_kalapatapu,aggregate,pm,reconciled,45,adjusted_hybrid,derived_borrowed_sd,week8_completer
reconciled,primary,all_14,aggregate,dl_hksj,reconciled,46,adjusted_hybrid,derived_borrowed_sd,week8_completer
reconciled,clinician_preferred,all_14,aggregate,dl_hksj,reconciled,47,adjusted_hybrid,derived_borrowed_sd,week8_completer
reconciled,self_preferred,all_14,aggregate,dl_hksj,reconciled,48,adjusted_hybrid,derived_borrowed_sd,week8_completer
reconciled,primary,no_choi,aggregate,dl_hksj,reconciled,49,adjusted_hybrid,derived_borrowed_sd,week8_completer
reconciled,clinician_preferred,no_choi,aggregate,dl_hksj,reconciled,50,adjusted_hybrid,derived_borrowed_sd,week8_completer
reconciled,self_preferred,no_choi,aggregate,dl_hksj,reconciled,51,adjusted_hybrid,derived_borrowed_sd,week8_completer
reconciled,primary,no_moodgym,aggregate,dl_hksj,reconciled,52,adjusted_hybrid,derived_borrowed_sd,week8_completer
reconciled,clinician_preferred,no_moodgym,aggregate,dl_hksj,reconciled,53,adjusted_hybrid,derived_borrowed_sd,week8_completer
reconciled,self_preferred,no_moodgym,aggregate,dl_hksj,reconciled,54,adjusted_hybrid,derived_borrowed_sd,week8_completer
reconciled,primary,no_small_arms,aggregate,dl_hksj,reconciled,55,adjusted_hybrid,derived_borrowed_sd,week8_completer
reconciled,clinician_preferred,no_small_arms,aggregate,dl_hksj,reconciled,56,adjusted_hybrid,derived_borrowed_sd,week8_completer
reconciled,self_preferred,no_small_arms,aggregate,dl_hksj,reconciled,57,adjusted_hybrid,derived_borrowed_sd,week8_completer
reconciled,primary,no_kalapatapu,aggregate,dl_hksj,reconciled,58,adjusted_hybrid,derived_borrowed_sd,week8_completer
reconciled,clinician_preferred,no_kalapatapu,aggregate,dl_hksj,reconciled,59,adjusted_hybrid,derived_borrowed_sd,week8_completer
reconciled,self_preferred,no_kalapatapu,aggregate,dl_hksj,reconciled,60,adjusted_hybrid,derived_borrowed_sd,week8_completer
reconciled,primary,all_14,aggregate,reml_hksj,reconciled,61,adjusted_hybrid,derived_borrowed_sd,week8_completer
reconciled,clinician_preferred,all_14,aggregate,reml_hksj,reconciled,62,adjusted_hybrid,derived_borrowed_sd,week8_completer
reconciled,self_preferred,all_14,aggregate,reml_hksj,reconciled,63,adjusted_hybrid,derived_borrowed_sd,week8_completer
reconciled,primary,no_choi,aggregate,reml_hksj,reconciled,64,adjusted_hybrid,derived_borrowed_sd,week8_completer
reconciled,clinician_preferred,no_choi,aggregate,reml_hksj,reconciled,65,adjusted_hybrid,derived_borrowed_sd,week8_completer
reconciled,self_preferred,no_choi,aggregate,reml_hksj,reconciled,66,adjusted_hybrid,derived_borrowed_sd,week8_completer
reconciled,primary,no_moodgym,aggregate,reml_hksj,reconciled,67,adjusted_hybrid,derived_borrowed_sd,week8_completer
reconciled,clinician_preferred,no_moodgym,aggregate,reml_hksj,reconciled,68,adjusted_hybrid,derived_borrowed_sd,week8_completer
reconciled,self_preferred,no_moodgym,aggregate,reml_hksj,reconciled,69,adjusted_hybrid,derived_borrowed_sd,week8_completer
reconciled,primary,no_small_arms,aggregate,reml_hksj,reconciled,70,adjusted_hybrid,derived_borrowed_sd,week8_completer
reconciled,clinician_preferred,no_small_arms,aggregate,reml_hksj,reconciled,71,adjusted_hybrid,derived_borrowed_sd,week8_completer
reconciled,self_preferred,no_small_arms,aggregate,reml_hksj,reconciled,72,adjusted_hybrid,derived_borrowed_sd,week8_completer
reconciled,primary,no_kalapatapu,aggregate,reml_hksj,reconciled,73,adjusted_hybrid,derived_borrowed_sd,week8_completer
reconciled,clinician_preferred,no_kalapatapu,aggregate,reml_hksj,reconciled,74,adjusted_hybrid,derived_borrowed_sd,week8_completer
reconciled,self_preferred,no_kalapatapu,aggregate,reml_hksj,reconciled,75,adjusted_hybrid,derived_borrowed_sd,week8_completer
reconciled,primary,all_14,aggregate,pm_hksj,reconciled,76,adjusted_hybrid,derived_borrowed_sd,week8_completer
reconciled,clinician_preferred,all_14,aggregate,pm_hksj,reconciled,77,adjusted_hybrid,derived_borrowed_sd,week8_completer
reconciled,self_preferred,all_14,aggregate,pm_hksj,reconciled,78,adjusted_hybrid,derived_borrowed_sd,week8_completer
reconciled,primary,no_choi,aggregate,pm_hksj,reconciled,79,adjusted_hybrid,derived_borrowed_sd,week8_completer
reconciled,clinician_preferred,no_choi,aggregate,pm_hksj,reconciled,80,adjusted_hybrid,derived_borrowed_sd,week8_completer
reconciled,self_preferred,no_choi,aggregate,pm_hksj,reconciled,81,adjusted_hybrid,derived_borrowed_sd,week8_completer
reconciled,primary,no_moodgym,aggregate,pm_hksj,reconciled,82,adjusted_hybrid,derived_borrowed_sd,week8_completer
reconciled,clinician_preferred,no_moodgym,aggregate,pm_hksj,reconciled,83,adjusted_hybrid,derived_borrowed_sd,week8_completer
reconciled,self_preferred,no_moodgym,aggregate,pm_hksj,reconciled,84,adjusted_hybrid,derived_borrowed_sd,week8_completer
reconciled,primary,no_small_arms,aggregate,pm_hksj,reconciled,85,adjusted_hybrid,derived_borrowed_sd,week8_completer
reconciled,clinician_preferred,no_small_arms,aggregate,pm_hksj,reconciled,86,adjusted_hybrid,derived_borrowed_sd,week8_completer
reconciled,self_preferred,no_small_arms,aggregate,pm_hksj,reconciled,87,adjusted_hybrid,derived_borrowed_sd,week8_completer
reconciled,primary,no_kalapatapu,aggregate,pm_hksj,reconciled,88,adjusted_hybrid,derived_borrowed_sd,week8_completer
reconciled,clinician_preferred,no_kalapatapu,aggregate,pm_hksj,reconciled,89,adjusted_hybrid,derived_borrowed_sd,week8_completer
reconciled,self_preferred,no_kalapatapu,aggregate,pm_hksj,reconciled,90,adjusted_hybrid,derived_borrowed_sd,week8_completer
reconciled,total_wf_2,all_14,modeled,three-level,reconciled,91,adjusted_hybrid,derived_borrowed_sd,week8_completer
reconciled,total_wf_2,no_choi,modeled,three-level,reconciled,92,adjusted_hybrid,derived_borrowed_sd,week8_completer
reconciled,total_wf_2,no_moodgym,modeled,three-level,reconciled,93,adjusted_hybrid,derived_borrowed_sd,week8_completer
reconciled,total_wf_2,no_small_arms,modeled,three-level,reconciled,94,adjusted_hybrid,derived_borrowed_sd,week8_completer
reconciled,total_wf_2,no_kalapatapu,modeled,three-level,reconciled,95,adjusted_hybrid,derived_borrowed_sd,week8_completer
reconciled,total_wf_2,all_14,modeled,rve,reconciled,96,adjusted_hybrid,derived_borrowed_sd,week8_completer
reconciled,total_wf_2,no_choi,modeled,rve,reconciled,97,adjusted_hybrid,derived_borrowed_sd,week8_completer
reconciled,total_wf_2,no_moodgym,modeled,rve,reconciled,98,adjusted_hybrid,derived_borrowed_sd,week8_completer
reconciled,total_wf_2,no_small_arms,modeled,rve,reconciled,99,adjusted_hybrid,derived_borrowed_sd,week8_completer
reconciled,total_wf_2,no_kalapatapu,modeled,rve,reconciled,100,adjusted_hybrid,derived_borrowed_sd,week8_completer
reconciled,primary,all_14,aggregate,dl,reconciled,1,adjusted_hybrid,change_smd,endpoint_itt
reconciled,clinician_preferred,all_14,aggregate,dl,reconciled,2,adjusted_hybrid,change_smd,endpoint_itt
reconciled,self_preferred,all_14,aggregate,dl,reconciled,3,adjusted_hybrid,change_smd,endpoint_itt
reconciled,primary,no_choi,aggregate,dl,reconciled,4,adjusted_hybrid,change_smd,endpoint_itt
reconciled,clinician_preferred,no_choi,aggregate,dl,reconciled,5,adjusted_hybrid,change_smd,endpoint_itt
reconciled,self_preferred,no_choi,aggregate,dl,reconciled,6,adjusted_hybrid,change_smd,endpoint_itt
reconciled,primary,no_moodgym,aggregate,dl,reconciled,7,adjusted_hybrid,change_smd,endpoint_itt
reconciled,clinician_preferred,no_moodgym,aggregate,dl,reconciled,8,adjusted_hybrid,change_smd,endpoint_itt
reconciled,self_preferred,no_moodgym,aggregate,dl,reconciled,9,adjusted_hybrid,change_smd,endpoint_itt
reconciled,primary,no_small_arms,aggregate,dl,reconciled,10,adjusted_hybrid,change_smd,endpoint_itt
reconciled,clinician_preferred,no_small_arms,aggregate,dl,reconciled,11,adjusted_hybrid,change_smd,endpoint_itt
reconciled,self_preferred,no_small_arms,aggregate,dl,reconciled,12,adjusted_hybrid,change_smd,endpoint_itt
reconciled,primary,no_kalapatapu,aggregate,dl,reconciled,13,adjusted_hybrid,change_smd,endpoint_itt
reconciled,clinician_preferred,no_kalapatapu,aggregate,dl,reconciled,14,adjusted_hybrid,change_smd,endpoint_itt
reconciled,self_preferred,no_kalapatapu,aggregate,dl,reconciled,15,adjusted_hybrid,change_smd,endpoint_itt
reconciled,primary,all_14,aggregate,reml,reconciled,16,adjusted_hybrid,change_smd,endpoint_itt
reconciled,clinician_preferred,all_14,aggregate,reml,reconciled,17,adjusted_hybrid,change_smd,endpoint_itt
reconciled,self_preferred,all_14,aggregate,reml,reconciled,18,adjusted_hybrid,change_smd,endpoint_itt
reconciled,primary,no_choi,aggregate,reml,reconciled,19,adjusted_hybrid,change_smd,endpoint_itt
reconciled,clinician_preferred,no_choi,aggregate,reml,reconciled,20,adjusted_hybrid,change_smd,endpoint_itt
reconciled,self_preferred,no_choi,aggregate,reml,reconciled,21,adjusted_hybrid,change_smd,endpoint_itt
reconciled,primary,no_moodgym,aggregate,reml,reconciled,22,adjusted_hybrid,change_smd,endpoint_itt
reconciled,clinician_preferred,no_moodgym,aggregate,reml,reconciled,23,adjusted_hybrid,change_smd,endpoint_itt
reconciled,self_preferred,no_moodgym,aggregate,reml,reconciled,24,adjusted_hybrid,change_smd,endpoint_itt
reconciled,primary,no_small_arms,aggregate,reml,reconciled,25,adjusted_hybrid,change_smd,endpoint_itt
reconciled,clinician_preferred,no_small_arms,aggregate,reml,reconciled,26,adjusted_hybrid,change_smd,endpoint_itt
reconciled,self_preferred,no_small_arms,aggregate,reml,reconciled,27,adjusted_hybrid,change_smd,endpoint_itt
reconciled,primary,no_kalapatapu,aggregate,reml,reconciled,28,adjusted_hybrid,change_smd,endpoint_itt
reconciled,clinician_preferred,no_kalapatapu,aggregate,reml,reconciled,29,adjusted_hybrid,change_smd,endpoint_itt
reconciled,self_preferred,no_kalapatapu,aggregate,reml,reconciled,30,adjusted_hybrid,change_smd,endpoint_itt
reconciled,primary,all_14,aggregate,pm,reconciled,31,adjusted_hybrid,change_smd,endpoint_itt
reconciled,clinician_preferred,all_14,aggregate,pm,reconciled,32,adjusted_hybrid,change_smd,endpoint_itt
reconciled,self_preferred,all_14,aggregate,pm,reconciled,33,adjusted_hybrid,change_smd,endpoint_itt
reconciled,primary,no_choi,aggregate,pm,reconciled,34,adjusted_hybrid,change_smd,endpoint_itt
reconciled,clinician_preferred,no_choi,aggregate,pm,reconciled,35,adjusted_hybrid,change_smd,endpoint_itt
reconciled,self_preferred,no_choi,aggregate,pm,reconciled,36,adjusted_hybrid,change_smd,endpoint_itt
reconciled,primary,no_moodgym,aggregate,pm,reconciled,37,adjusted_hybrid,change_smd,endpoint_itt
reconciled,clinician_preferred,no_moodgym,aggregate,pm,reconciled,38,adjusted_hybrid,change_smd,endpoint_itt
reconciled,self_preferred,no_moodgym,aggregate,pm,reconciled,39,adjusted_hybrid,change_smd,endpoint_itt
reconciled,primary,no_small_arms,aggregate,pm,reconciled,40,adjusted_hybrid,change_smd,endpoint_itt
reconciled,clinician_preferred,no_small_arms,aggregate,pm,reconciled,41,adjusted_hybrid,change_smd,endpoint_itt
reconciled,self_preferred,no_small_arms,aggregate,pm,reconciled,42,adjusted_hybrid,change_smd,endpoint_itt
reconciled,primary,no_kalapatapu,aggregate,pm,reconciled,43,adjusted_hybrid,change_smd,endpoint_itt
reconciled,clinician_preferred,no_kalapatapu,aggregate,pm,reconciled,44,adjusted_hybrid,change_smd,endpoint_itt
reconciled,self_preferred,no_kalapatapu,aggregate,pm,reconciled,45,adjusted_hybrid,change_smd,endpoint_itt
reconciled,primary,all_14,aggregate,dl_hksj,reconciled,46,adjusted_hybrid,change_smd,endpoint_itt
reconciled,clinician_preferred,all_14,aggregate,dl_hksj,reconciled,47,adjusted_hybrid,change_smd,endpoint_itt
reconciled,self_preferred,all_14,aggregate,dl_hksj,reconciled,48,adjusted_hybrid,change_smd,endpoint_itt
reconciled,primary,no_choi,aggregate,dl_hksj,reconciled,49,adjusted_hybrid,change_smd,endpoint_itt
reconciled,clinician_preferred,no_choi,aggregate,dl_hksj,reconciled,50,adjusted_hybrid,change_smd,endpoint_itt
reconciled,self_preferred,no_choi,aggregate,dl_hksj,reconciled,51,adjusted_hybrid,change_smd,endpoint_itt
reconciled,primary,no_moodgym,aggregate,dl_hksj,reconciled,52,adjusted_hybrid,change_smd,endpoint_itt
reconciled,clinician_preferred,no_moodgym,aggregate,dl_hksj,reconciled,53,adjusted_hybrid,change_smd,endpoint_itt
reconciled,self_preferred,no_moodgym,aggregate,dl_hksj,reconciled,54,adjusted_hybrid,change_smd,endpoint_itt
reconciled,primary,no_small_arms,aggregate,dl_hksj,reconciled,55,adjusted_hybrid,change_smd,endpoint_itt
reconciled,clinician_preferred,no_small_arms,aggregate,dl_hksj,reconciled,56,adjusted_hybrid,change_smd,endpoint_itt
reconciled,self_preferred,no_small_arms,aggregate,dl_hksj,reconciled,57,adjusted_hybrid,change_smd,endpoint_itt
reconciled,primary,no_kalapatapu,aggregate,dl_hksj,reconciled,58,adjusted_hybrid,change_smd,endpoint_itt
reconciled,clinician_preferred,no_kalapatapu,aggregate,dl_hksj,reconciled,59,adjusted_hybrid,change_smd,endpoint_itt
reconciled,self_preferred,no_kalapatapu,aggregate,dl_hksj,reconciled,60,adjusted_hybrid,change_smd,endpoint_itt
reconciled,primary,all_14,aggregate,reml_hksj,reconciled,61,adjusted_hybrid,change_smd,endpoint_itt
reconciled,clinician_preferred,all_14,aggregate,reml_hksj,reconciled,62,adjusted_hybrid,change_smd,endpoint_itt
reconciled,self_preferred,all_14,aggregate,reml_hksj,reconciled,63,adjusted_hybrid,change_smd,endpoint_itt
reconciled,primary,no_choi,aggregate,reml_hksj,reconciled,64,adjusted_hybrid,change_smd,endpoint_itt
reconciled,clinician_preferred,no_choi,aggregate,reml_hksj,reconciled,65,adjusted_hybrid,change_smd,endpoint_itt
reconciled,self_preferred,no_choi,aggregate,reml_hksj,reconciled,66,adjusted_hybrid,change_smd,endpoint_itt
reconciled,primary,no_moodgym,aggregate,reml_hksj,reconciled,67,adjusted_hybrid,change_smd,endpoint_itt
reconciled,clinician_preferred,no_moodgym,aggregate,reml_hksj,reconciled,68,adjusted_hybrid,change_smd,endpoint_itt
reconciled,self_preferred,no_moodgym,aggregate,reml_hksj,reconciled,69,adjusted_hybrid,change_smd,endpoint_itt
reconciled,primary,no_small_arms,aggregate,reml_hksj,reconciled,70,adjusted_hybrid,change_smd,endpoint_itt
reconciled,clinician_preferred,no_small_arms,aggregate,reml_hksj,reconciled,71,adjusted_hybrid,change_smd,endpoint_itt
reconciled,self_preferred,no_small_arms,aggregate,reml_hksj,reconciled,72,adjusted_hybrid,change_smd,endpoint_itt
reconciled,primary,no_kalapatapu,aggregate,reml_hksj,reconciled,73,adjusted_hybrid,change_smd,endpoint_itt
reconciled,clinician_preferred,no_kalapatapu,aggregate,reml_hksj,reconciled,74,adjusted_hybrid,change_smd,endpoint_itt
reconciled,self_preferred,no_kalapatapu,aggregate,reml_hksj,reconciled,75,adjusted_hybrid,change_smd,endpoint_itt
reconciled,primary,all_14,aggregate,pm_hksj,reconciled,76,adjusted_hybrid,change_smd,endpoint_itt
reconciled,clinician_preferred,all_14,aggregate,pm_hksj,reconciled,77,adjusted_hybrid,change_smd,endpoint_itt
reconciled,self_preferred,all_14,aggregate,pm_hksj,reconciled,78,adjusted_hybrid,change_smd,endpoint_itt
reconciled,primary,no_choi,aggregate,pm_hksj,reconciled,79,adjusted_hybrid,change_smd,endpoint_itt
reconciled,clinician_preferred,no_choi,aggregate,pm_hksj,reconciled,80,adjusted_hybrid,change_smd,endpoint_itt
reconciled,self_preferred,no_choi,aggregate,pm_hksj,reconciled,81,adjusted_hybrid,change_smd,endpoint_itt
reconciled,primary,no_moodgym,aggregate,pm_hksj,reconciled,82,adjusted_hybrid,change_smd,endpoint_itt
reconciled,clinician_preferred,no_moodgym,aggregate,pm_hksj,reconciled,83,adjusted_hybrid,change_smd,endpoint_itt
reconciled,self_preferred,no_moodgym,aggregate,pm_hksj,reconciled,84,adjusted_hybrid,change_smd,endpoint_itt
reconciled,primary,no_small_arms,aggregate,pm_hksj,reconciled,85,adjusted_hybrid,change_smd,endpoint_itt
reconciled,clinician_preferred,no_small_arms,aggregate,pm_hksj,reconciled,86,adjusted_hybrid,change_smd,endpoint_itt
reconciled,self_preferred,no_small_arms,aggregate,pm_hksj,reconciled,87,adjusted_hybrid,change_smd,endpoint_itt
reconciled,primary,no_kalapatapu,aggregate,pm_hksj,reconciled,88,adjusted_hybrid,change_smd,endpoint_itt
reconciled,clinician_preferred,no_kalapatapu,aggregate,pm_hksj,reconciled,89,adjusted_hybrid,change_smd,endpoint_itt
reconciled,self_preferred,no_kalapatapu,aggregate,pm_hksj,reconciled,90,adjusted_hybrid,change_smd,endpoint_itt
reconciled,total_wf_2,all_14,modeled,three-level,reconciled,91,adjusted_hybrid,change_smd,endpoint_itt
reconciled,total_wf_2,no_choi,modeled,three-level,reconciled,92,adjusted_hybrid,change_smd,endpoint_itt
reconciled,total_wf_2,no_moodgym,modeled,three-level,reconciled,93,adjusted_hybrid,change_smd,endpoint_itt
reconciled,total_wf_2,no_small_arms,modeled,three-level,reconciled,94,adjusted_hybrid,change_smd,endpoint_itt
reconciled,total_wf_2,no_kalapatapu,modeled,three-level,reconciled,95,adjusted_hybrid,change_smd,endpoint_itt
reconciled,total_wf_2,all_14,modeled,rve,reconciled,96,adjusted_hybrid,change_smd,endpoint_itt
reconciled,total_wf_2,no_choi,modeled,rve,reconciled,97,adjusted_hybrid,change_smd,endpoint_itt
reconciled,total_wf_2,no_moodgym,modeled,rve,reconciled,98,adjusted_hybrid,change_smd,endpoint_itt
reconciled,total_wf_2,no_small_arms,modeled,rve,reconciled,99,adjusted_hybrid,change_smd,endpoint_itt
reconciled,total_wf_2,no_kalapatapu,modeled,rve,reconciled,100,adjusted_hybrid,change_smd,endpoint_itt
reconciled,primary,all_14,aggregate,dl,reconciled,1,adjusted_hybrid,change_smd,week8_completer
reconciled,clinician_preferred,all_14,aggregate,dl,reconciled,2,adjusted_hybrid,change_smd,week8_completer
reconciled,self_preferred,all_14,aggregate,dl,reconciled,3,adjusted_hybrid,change_smd,week8_completer
reconciled,primary,no_choi,aggregate,dl,reconciled,4,adjusted_hybrid,change_smd,week8_completer
reconciled,clinician_preferred,no_choi,aggregate,dl,reconciled,5,adjusted_hybrid,change_smd,week8_completer
reconciled,self_preferred,no_choi,aggregate,dl,reconciled,6,adjusted_hybrid,change_smd,week8_completer
reconciled,primary,no_moodgym,aggregate,dl,reconciled,7,adjusted_hybrid,change_smd,week8_completer
reconciled,clinician_preferred,no_moodgym,aggregate,dl,reconciled,8,adjusted_hybrid,change_smd,week8_completer
reconciled,self_preferred,no_moodgym,aggregate,dl,reconciled,9,adjusted_hybrid,change_smd,week8_completer
reconciled,primary,no_small_arms,aggregate,dl,reconciled,10,adjusted_hybrid,change_smd,week8_completer
reconciled,clinician_preferred,no_small_arms,aggregate,dl,reconciled,11,adjusted_hybrid,change_smd,week8_completer
reconciled,self_preferred,no_small_arms,aggregate,dl,reconciled,12,adjusted_hybrid,change_smd,week8_completer
reconciled,primary,no_kalapatapu,aggregate,dl,reconciled,13,adjusted_hybrid,change_smd,week8_completer
reconciled,clinician_preferred,no_kalapatapu,aggregate,dl,reconciled,14,adjusted_hybrid,change_smd,week8_completer
reconciled,self_preferred,no_kalapatapu,aggregate,dl,reconciled,15,adjusted_hybrid,change_smd,week8_completer
reconciled,primary,all_14,aggregate,reml,reconciled,16,adjusted_hybrid,change_smd,week8_completer
reconciled,clinician_preferred,all_14,aggregate,reml,reconciled,17,adjusted_hybrid,change_smd,week8_completer
reconciled,self_preferred,all_14,aggregate,reml,reconciled,18,adjusted_hybrid,change_smd,week8_completer
reconciled,primary,no_choi,aggregate,reml,reconciled,19,adjusted_hybrid,change_smd,week8_completer
reconciled,clinician_preferred,no_choi,aggregate,reml,reconciled,20,adjusted_hybrid,change_smd,week8_completer
reconciled,self_preferred,no_choi,aggregate,reml,reconciled,21,adjusted_hybrid,change_smd,week8_completer
reconciled,primary,no_moodgym,aggregate,reml,reconciled,22,adjusted_hybrid,change_smd,week8_completer
reconciled,clinician_preferred,no_moodgym,aggregate,reml,reconciled,23,adjusted_hybrid,change_smd,week8_completer
reconciled,self_preferred,no_moodgym,aggregate,reml,reconciled,24,adjusted_hybrid,change_smd,week8_completer
reconciled,primary,no_small_arms,aggregate,reml,reconciled,25,adjusted_hybrid,change_smd,week8_completer
reconciled,clinician_preferred,no_small_arms,aggregate,reml,reconciled,26,adjusted_hybrid,change_smd,week8_completer
reconciled,self_preferred,no_small_arms,aggregate,reml,reconciled,27,adjusted_hybrid,change_smd,week8_completer
reconciled,primary,no_kalapatapu,aggregate,reml,reconciled,28,adjusted_hybrid,change_smd,week8_completer
reconciled,clinician_preferred,no_kalapatapu,aggregate,reml,reconciled,29,adjusted_hybrid,change_smd,week8_completer
reconciled,self_preferred,no_kalapatapu,aggregate,reml,reconciled,30,adjusted_hybrid,change_smd,week8_completer
reconciled,primary,all_14,aggregate,pm,reconciled,31,adjusted_hybrid,change_smd,week8_completer
reconciled,clinician_preferred,all_14,aggregate,pm,reconciled,32,adjusted_hybrid,change_smd,week8_completer
reconciled,self_preferred,all_14,aggregate,pm,reconciled,33,adjusted_hybrid,change_smd,week8_completer
reconciled,primary,no_choi,aggregate,pm,reconciled,34,adjusted_hybrid,change_smd,week8_completer
reconciled,clinician_preferred,no_choi,aggregate,pm,reconciled,35,adjusted_hybrid,change_smd,week8_completer
reconciled,self_preferred,no_choi,aggregate,pm,reconciled,36,adjusted_hybrid,change_smd,week8_completer
reconciled,primary,no_moodgym,aggregate,pm,reconciled,37,adjusted_hybrid,change_smd,week8_completer
reconciled,clinician_preferred,no_moodgym,aggregate,pm,reconciled,38,adjusted_hybrid,change_smd,week8_completer
reconciled,self_preferred,no_moodgym,aggregate,pm,reconciled,39,adjusted_hybrid,change_smd,week8_completer
reconciled,primary,no_small_arms,aggregate,pm,reconciled,40,adjusted_hybrid,change_smd,week8_completer
reconciled,clinician_preferred,no_small_arms,aggregate,pm,reconciled,41,adjusted_hybrid,change_smd,week8_completer
reconciled,self_preferred,no_small_arms,aggregate,pm,reconciled,42,adjusted_hybrid,change_smd,week8_completer
reconciled,primary,no_kalapatapu,aggregate,pm,reconciled,43,adjusted_hybrid,change_smd,week8_completer
reconciled,clinician_preferred,no_kalapatapu,aggregate,pm,reconciled,44,adjusted_hybrid,change_smd,week8_completer
reconciled,self_preferred,no_kalapatapu,aggregate,pm,reconciled,45,adjusted_hybrid,change_smd,week8_completer
reconciled,primary,all_14,aggregate,dl_hksj,reconciled,46,adjusted_hybrid,change_smd,week8_completer
reconciled,clinician_preferred,all_14,aggregate,dl_hksj,reconciled,47,adjusted_hybrid,change_smd,week8_completer
reconciled,self_preferred,all_14,aggregate,dl_hksj,reconciled,48,adjusted_hybrid,change_smd,week8_completer
reconciled,primary,no_choi,aggregate,dl_hksj,reconciled,49,adjusted_hybrid,change_smd,week8_completer
reconciled,clinician_preferred,no_choi,aggregate,dl_hksj,reconciled,50,adjusted_hybrid,change_smd,week8_completer
reconciled,self_preferred,no_choi,aggregate,dl_hksj,reconciled,51,adjusted_hybrid,change_smd,week8_completer
reconciled,primary,no_moodgym,aggregate,dl_hksj,reconciled,52,adjusted_hybrid,change_smd,week8_completer
reconciled,clinician_preferred,no_moodgym,aggregate,dl_hksj,reconciled,53,adjusted_hybrid,change_smd,week8_completer
reconciled,self_preferred,no_moodgym,aggregate,dl_hksj,reconciled,54,adjusted_hybrid,change_smd,week8_completer
reconciled,primary,no_small_arms,aggregate,dl_hksj,reconciled,55,adjusted_hybrid,change_smd,week8_completer
reconciled,clinician_preferred,no_small_arms,aggregate,dl_hksj,reconciled,56,adjusted_hybrid,change_smd,week8_completer
reconciled,self_preferred,no_small_arms,aggregate,dl_hksj,reconciled,57,adjusted_hybrid,change_smd,week8_completer
reconciled,primary,no_kalapatapu,aggregate,dl_hksj,reconciled,58,adjusted_hybrid,change_smd,week8_completer
reconciled,clinician_preferred,no_kalapatapu,aggregate,dl_hksj,reconciled,59,adjusted_hybrid,change_smd,week8_completer
reconciled,self_preferred,no_kalapatapu,aggregate,dl_hksj,reconciled,60,adjusted_hybrid,change_smd,week8_completer
reconciled,primary,all_14,aggregate,reml_hksj,reconciled,61,adjusted_hybrid,change_smd,week8_completer
reconciled,clinician_preferred,all_14,aggregate,reml_hksj,reconciled,62,adjusted_hybrid,change_smd,week8_completer
reconciled,self_preferred,all_14,aggregate,reml_hksj,reconciled,63,adjusted_hybrid,change_smd,week8_completer
reconciled,primary,no_choi,aggregate,reml_hksj,reconciled,64,adjusted_hybrid,change_smd,week8_completer
reconciled,clinician_preferred,no_choi,aggregate,reml_hksj,reconciled,65,adjusted_hybrid,change_smd,week8_completer
reconciled,self_preferred,no_choi,aggregate,reml_hksj,reconciled,66,adjusted_hybrid,change_smd,week8_completer
reconciled,primary,no_moodgym,aggregate,reml_hksj,reconciled,67,adjusted_hybrid,change_smd,week8_completer
reconciled,clinician_preferred,no_moodgym,aggregate,reml_hksj,reconciled,68,adjusted_hybrid,change_smd,week8_completer
reconciled,self_preferred,no_moodgym,aggregate,reml_hksj,reconciled,69,adjusted_hybrid,change_smd,week8_completer
reconciled,primary,no_small_arms,aggregate,reml_hksj,reconciled,70,adjusted_hybrid,change_smd,week8_completer
reconciled,clinician_preferred,no_small_arms,aggregate,reml_hksj,reconciled,71,adjusted_hybrid,change_smd,week8_completer
reconciled,self_preferred,no_small_arms,aggregate,reml_hksj,reconciled,72,adjusted_hybrid,change_smd,week8_completer
reconciled,primary,no_kalapatapu,aggregate,reml_hksj,reconciled,73,adjusted_hybrid,change_smd,week8_completer
reconciled,clinician_preferred,no_kalapatapu,aggregate,reml_hksj,reconciled,74,adjusted_hybrid,change_smd,week8_completer
reconciled,self_preferred,no_kalapatapu,aggregate,reml_hksj,reconciled,75,adjusted_hybrid,change_smd,week8_completer
reconciled,primary,all_14,aggregate,pm_hksj,reconciled,76,adjusted_hybrid,change_smd,week8_completer
reconciled,clinician_preferred,all_14,aggregate,pm_hksj,reconciled,77,adjusted_hybrid,change_smd,week8_completer
reconciled,self_preferred,all_14,aggregate,pm_hksj,reconciled,78,adjusted_hybrid,change_smd,week8_completer
reconciled,primary,no_choi,aggregate,pm_hksj,reconciled,79,adjusted_hybrid,change_smd,week8_completer
reconciled,clinician_preferred,no_choi,aggregate,pm_hksj,reconciled,80,adjusted_hybrid,change_smd,week8_completer
reconciled,self_preferred,no_choi,aggregate,pm_hksj,reconciled,81,adjusted_hybrid,change_smd,week8_completer
reconciled,primary,no_moodgym,aggregate,pm_hksj,reconciled,82,adjusted_hybrid,change_smd,week8_completer
reconciled,clinician_preferred,no_moodgym,aggregate,pm_hksj,reconciled,83,adjusted_hybrid,change_smd,week8_completer
reconciled,self_preferred,no_moodgym,aggregate,pm_hksj,reconciled,84,adjusted_hybrid,change_smd,week8_completer
reconciled,primary,no_small_arms,aggregate,pm_hksj,reconciled,85,adjusted_hybrid,change_smd,week8_completer
reconciled,clinician_preferred,no_small_arms,aggregate,pm_hksj,reconciled,86,adjusted_hybrid,change_smd,week8_completer
reconciled,self_preferred,no_small_arms,aggregate,pm_hksj,reconciled,87,adjusted_hybrid,change_smd,week8_completer
reconciled,primary,no_kalapatapu,aggregate,pm_hksj,reconciled,88,adjusted_hybrid,change_smd,week8_completer
reconciled,clinician_preferred,no_kalapatapu,aggregate,pm_hksj,reconciled,89,adjusted_hybrid,change_smd,week8_completer
reconciled,self_preferred,no_kalapatapu,aggregate,pm_hksj,reconciled,90,adjusted_hybrid,change_smd,week8_completer
reconciled,total_wf_2,all_14,modeled,three-level,reconciled,91,adjusted_hybrid,change_smd,week8_completer
reconciled,total_wf_2,no_choi,modeled,three-level,reconciled,92,adjusted_hybrid,change_smd,week8_completer
reconciled,total_wf_2,no_moodgym,modeled,three-level,reconciled,93,adjusted_hybrid,change_smd,week8_completer
reconciled,total_wf_2,no_small_arms,modeled,three-level,reconciled,94,adjusted_hybrid,change_smd,week8_completer
reconciled,total_wf_2,no_kalapatapu,modeled,three-level,reconciled,95,adjusted_hybrid,change_smd,week8_completer
reconciled,total_wf_2,all_14,modeled,rve,reconciled,96,adjusted_hybrid,change_smd,week8_completer
reconciled,total_wf_2,no_choi,modeled,rve,reconciled,97,adjusted_hybrid,change_smd,week8_completer
reconciled,total_wf_2,no_moodgym,modeled,rve,reconciled,98,adjusted_hybrid,change_smd,week8_completer
reconciled,total_wf_2,no_small_arms,modeled,rve,reconciled,99,adjusted_hybrid,change_smd,week8_completer
reconciled,total_wf_2,no_kalapatapu,modeled,rve,reconciled,100,adjusted_hybrid,change_smd,week8_completer
reconciled,primary,all_14,aggregate,dl,reconciled,1,post_smd,exclude,not_applicable
reconciled,clinician_preferred,all_14,aggregate,dl,reconciled,2,post_smd,exclude,not_applicable
reconciled,self_preferred,all_14,aggregate,dl,reconciled,3,post_smd,exclude,not_applicable
reconciled,primary,no_choi,aggregate,dl,reconciled,4,post_smd,exclude,not_applicable
reconciled,clinician_preferred,no_choi,aggregate,dl,reconciled,5,post_smd,exclude,not_applicable
reconciled,self_preferred,no_choi,aggregate,dl,reconciled,6,post_smd,exclude,not_applicable
reconciled,primary,no_moodgym,aggregate,dl,reconciled,7,post_smd,exclude,not_applicable
reconciled,clinician_preferred,no_moodgym,aggregate,dl,reconciled,8,post_smd,exclude,not_applicable
reconciled,self_preferred,no_moodgym,aggregate,dl,reconciled,9,post_smd,exclude,not_applicable
reconciled,primary,no_small_arms,aggregate,dl,reconciled,10,post_smd,exclude,not_applicable
reconciled,clinician_preferred,no_small_arms,aggregate,dl,reconciled,11,post_smd,exclude,not_applicable
reconciled,self_preferred,no_small_arms,aggregate,dl,reconciled,12,post_smd,exclude,not_applicable
reconciled,primary,no_kalapatapu,aggregate,dl,reconciled,13,post_smd,exclude,not_applicable
reconciled,clinician_preferred,no_kalapatapu,aggregate,dl,reconciled,14,post_smd,exclude,not_applicable
reconciled,self_preferred,no_kalapatapu,aggregate,dl,reconciled,15,post_smd,exclude,not_applicable
reconciled,primary,all_14,aggregate,reml,reconciled,16,post_smd,exclude,not_applicable
reconciled,clinician_preferred,all_14,aggregate,reml,reconciled,17,post_smd,exclude,not_applicable
reconciled,self_preferred,all_14,aggregate,reml,reconciled,18,post_smd,exclude,not_applicable
reconciled,primary,no_choi,aggregate,reml,reconciled,19,post_smd,exclude,not_applicable
reconciled,clinician_preferred,no_choi,aggregate,reml,reconciled,20,post_smd,exclude,not_applicable
reconciled,self_preferred,no_choi,aggregate,reml,reconciled,21,post_smd,exclude,not_applicable
reconciled,primary,no_moodgym,aggregate,reml,reconciled,22,post_smd,exclude,not_applicable
reconciled,clinician_preferred,no_moodgym,aggregate,reml,reconciled,23,post_smd,exclude,not_applicable
reconciled,self_preferred,no_moodgym,aggregate,reml,reconciled,24,post_smd,exclude,not_applicable
reconciled,primary,no_small_arms,aggregate,reml,reconciled,25,post_smd,exclude,not_applicable
reconciled,clinician_preferred,no_small_arms,aggregate,reml,reconciled,26,post_smd,exclude,not_applicable
reconciled,self_preferred,no_small_arms,aggregate,reml,reconciled,27,post_smd,exclude,not_applicable
reconciled,primary,no_kalapatapu,aggregate,reml,reconciled,28,post_smd,exclude,not_applicable
reconciled,clinician_preferred,no_kalapatapu,aggregate,reml,reconciled,29,post_smd,exclude,not_applicable
reconciled,self_preferred,no_kalapatapu,aggregate,reml,reconciled,30,post_smd,exclude,not_applicable
reconciled,primary,all_14,aggregate,pm,reconciled,31,post_smd,exclude,not_applicable
reconciled,clinician_preferred,all_14,aggregate,pm,reconciled,32,post_smd,exclude,not_applicable
reconciled,self_preferred,all_14,aggregate,pm,reconciled,33,post_smd,exclude,not_applicable
reconciled,primary,no_choi,aggregate,pm,reconciled,34,post_smd,exclude,not_applicable
reconciled,clinician_preferred,no_choi,aggregate,pm,reconciled,35,post_smd,exclude,not_applicable
reconciled,self_preferred,no_choi,aggregate,pm,reconciled,36,post_smd,exclude,not_applicable
reconciled,primary,no_moodgym,aggregate,pm,reconciled,37,post_smd,exclude,not_applicable
reconciled,clinician_preferred,no_moodgym,aggregate,pm,reconciled,38,post_smd,exclude,not_applicable
reconciled,self_preferred,no_moodgym,aggregate,pm,reconciled,39,post_smd,exclude,not_applicable
reconciled,primary,no_small_arms,aggregate,pm,reconciled,40,post_smd,exclude,not_applicable
reconciled,clinician_preferred,no_small_arms,aggregate,pm,reconciled,41,post_smd,exclude,not_applicable
reconciled,self_preferred,no_small_arms,aggregate,pm,reconciled,42,post_smd,exclude,not_applicable
reconciled,primary,no_kalapatapu,aggregate,pm,reconciled,43,post_smd,exclude,not_applicable
reconciled,clinician_preferred,no_kalapatapu,aggregate,pm,reconciled,44,post_smd,exclude,not_applicable
reconciled,self_preferred,no_kalapatapu,aggregate,pm,reconciled,45,post_smd,exclude,not_applicable
reconciled,primary,all_14,aggregate,dl_hksj,reconciled,46,post_smd,exclude,not_applicable
reconciled,clinician_preferred,all_14,aggregate,dl_hksj,reconciled,47,post_smd,exclude,not_applicable
reconciled,self_preferred,all_14,aggregate,dl_hksj,reconciled,48,post_smd,exclude,not_applicable
reconciled,primary,no_choi,aggregate,dl_hksj,reconciled,49,post_smd,exclude,not_applicable
reconciled,clinician_preferred,no_choi,aggregate,dl_hksj,reconciled,50,post_smd,exclude,not_applicable
reconciled,self_preferred,no_choi,aggregate,dl_hksj,reconciled,51,post_smd,exclude,not_applicable
reconciled,primary,no_moodgym,aggregate,dl_hksj,reconciled,52,post_smd,exclude,not_applicable
reconciled,clinician_preferred,no_moodgym,aggregate,dl_hksj,reconciled,53,post_smd,exclude,not_applicable
reconciled,self_preferred,no_moodgym,aggregate,dl_hksj,reconciled,54,post_smd,exclude,not_applicable
reconciled,primary,no_small_arms,aggregate,dl_hksj,reconciled,55,post_smd,exclude,not_applicable
reconciled,clinician_preferred,no_small_arms,aggregate,dl_hksj,reconciled,56,post_smd,exclude,not_applicable
reconciled,self_preferred,no_small_arms,aggregate,dl_hksj,reconciled,57,post_smd,exclude,not_applicable
reconciled,primary,no_kalapatapu,aggregate,dl_hksj,reconciled,58,post_smd,exclude,not_applicable
reconciled,clinician_preferred,no_kalapatapu,aggregate,dl_hksj,reconciled,59,post_smd,exclude,not_applicable
reconciled,self_preferred,no_kalapatapu,aggregate,dl_hksj,reconciled,60,post_smd,exclude,not_applicable
reconciled,primary,all_14,aggregate,reml_hksj,reconciled,61,post_smd,exclude,not_applicable
reconciled,clinician_preferred,all_14,aggregate,reml_hksj,reconciled,62,post_smd,exclude,not_applicable
reconciled,self_preferred,all_14,aggregate,reml_hksj,reconciled,63,post_smd,exclude,not_applicable
reconciled,primary,no_choi,aggregate,reml_hksj,reconciled,64,post_smd,exclude,not_applicable
reconciled,clinician_preferred,no_choi,aggregate,reml_hksj,reconciled,65,post_smd,exclude,not_applicable
reconciled,self_preferred,no_choi,aggregate,reml_hksj,reconciled,66,post_smd,exclude,not_applicable
reconciled,primary,no_moodgym,aggregate,reml_hksj,reconciled,67,post_smd,exclude,not_applicable
reconciled,clinician_preferred,no_moodgym,aggregate,reml_hksj,reconciled,68,post_smd,exclude,not_applicable
reconciled,self_preferred,no_moodgym,aggregate,reml_hksj,reconciled,69,post_smd,exclude,not_applicable
reconciled,primary,no_small_arms,aggregate,reml_hksj,reconciled,70,post_smd,exclude,not_applicable
reconciled,clinician_preferred,no_small_arms,aggregate,reml_hksj,reconciled,71,post_smd,exclude,not_applicable
reconciled,self_preferred,no_small_arms,aggregate,reml_hksj,reconciled,72,post_smd,exclude,not_applicable
reconciled,primary,no_kalapatapu,aggregate,reml_hksj,reconciled,73,post_smd,exclude,not_applicable
reconciled,clinician_preferred,no_kalapatapu,aggregate,reml_hksj,reconciled,74,post_smd,exclude,not_applicable
reconciled,self_preferred,no_kalapatapu,aggregate,reml_hksj,reconciled,75,post_smd,exclude,not_applicable
reconciled,primary,all_14,aggregate,pm_hksj,reconciled,76,post_smd,exclude,not_applicable
reconciled,clinician_preferred,all_14,aggregate,pm_hksj,reconciled,77,post_smd,exclude,not_applicable
reconciled,self_preferred,all_14,aggregate,pm_hksj,reconciled,78,post_smd,exclude,not_applicable
reconciled,primary,no_choi,aggregate,pm_hksj,reconciled,79,post_smd,exclude,not_applicable
reconciled,clinician_preferred,no_choi,aggregate,pm_hksj,reconciled,80,post_smd,exclude,not_applicable
reconciled,self_preferred,no_choi,aggregate,pm_hksj,reconciled,81,post_smd,exclude,not_applicable
reconciled,primary,no_moodgym,aggregate,pm_hksj,reconciled,82,post_smd,exclude,not_applicable
reconciled,clinician_preferred,no_moodgym,aggregate,pm_hksj,reconciled,83,post_smd,exclude,not_applicable
reconciled,self_preferred,no_moodgym,aggregate,pm_hksj,reconciled,84,post_smd,exclude,not_applicable
reconciled,primary,no_small_arms,aggregate,pm_hksj,reconciled,85,post_smd,exclude,not_applicable
reconciled,clinician_preferred,no_small_arms,aggregate,pm_hksj,reconciled,86,post_smd,exclude,not_applicable
reconciled,self_preferred,no_small_arms,aggregate,pm_hksj,reconciled,87,post_smd,exclude,not_applicable
reconciled,primary,no_kalapatapu,aggregate,pm_hksj,reconciled,88,post_smd,exclude,not_applicable
reconciled,clinician_preferred,no_kalapatapu,aggregate,pm_hksj,reconciled,89,post_smd,exclude,not_applicable
reconciled,self_preferred,no_kalapatapu,aggregate,pm_hksj,reconciled,90,post_smd,exclude,not_applicable
reconciled,total_wf_2,all_14,modeled,three-level,reconciled,91,post_smd,exclude,not_applicable
reconciled,total_wf_2,no_choi,modeled,three-level,reconciled,92,post_smd,exclude,not_applicable
reconciled,total_wf_2,no_moodgym,modeled,three-level,reconciled,93,post_smd,exclude,not_applicable
reconciled,total_wf_2,no_small_arms,modeled,three-level,reconciled,94,post_smd,exclude,not_applicable
reconciled,total_wf_2,no_kalapatapu,modeled,three-level,reconciled,95,post_smd,exclude,not_applicable
reconciled,total_wf_2,all_14,modeled,rve,reconciled,96,post_smd,exclude,not_applicable
reconciled,total_wf_2,no_choi,modeled,rve,reconciled,97,post_smd,exclude,not_applicable
reconciled,total_wf_2,no_moodgym,modeled,rve,reconciled,98,post_smd,exclude,not_applicable
reconciled,total_wf_2,no_small_arms,modeled,rve,reconciled,99,post_smd,exclude,not_applicable
reconciled,total_wf_2,no_kalapatapu,modeled,rve,reconciled,100,post_smd,exclude,not_applicable
reconciled,primary,all_14,aggregate,dl,reconciled,1,adjusted_hybrid,exclude,not_applicable
reconciled,clinician_preferred,all_14,aggregate,dl,reconciled,2,adjusted_hybrid,exclude,not_applicable
reconciled,self_preferred,all_14,aggregate,dl,reconciled,3,adjusted_hybrid,exclude,not_applicable
reconciled,primary,no_choi,aggregate,dl,reconciled,4,adjusted_hybrid,exclude,not_applicable
reconciled,clinician_preferred,no_choi,aggregate,dl,reconciled,5,adjusted_hybrid,exclude,not_applicable
reconciled,self_preferred,no_choi,aggregate,dl,reconciled,6,adjusted_hybrid,exclude,not_applicable
reconciled,primary,no_moodgym,aggregate,dl,reconciled,7,adjusted_hybrid,exclude,not_applicable
reconciled,clinician_preferred,no_moodgym,aggregate,dl,reconciled,8,adjusted_hybrid,exclude,not_applicable
reconciled,self_preferred,no_moodgym,aggregate,dl,reconciled,9,adjusted_hybrid,exclude,not_applicable
reconciled,primary,no_small_arms,aggregate,dl,reconciled,10,adjusted_hybrid,exclude,not_applicable
reconciled,clinician_preferred,no_small_arms,aggregate,dl,reconciled,11,adjusted_hybrid,exclude,not_applicable
reconciled,self_preferred,no_small_arms,aggregate,dl,reconciled,12,adjusted_hybrid,exclude,not_applicable
reconciled,primary,no_kalapatapu,aggregate,dl,reconciled,13,adjusted_hybrid,exclude,not_applicable
reconciled,clinician_preferred,no_kalapatapu,aggregate,dl,reconciled,14,adjusted_hybrid,exclude,not_applicable
reconciled,self_preferred,no_kalapatapu,aggregate,dl,reconciled,15,adjusted_hybrid,exclude,not_applicable
reconciled,primary,all_14,aggregate,reml,reconciled,16,adjusted_hybrid,exclude,not_applicable
reconciled,clinician_preferred,all_14,aggregate,reml,reconciled,17,adjusted_hybrid,exclude,not_applicable
reconciled,self_preferred,all_14,aggregate,reml,reconciled,18,adjusted_hybrid,exclude,not_applicable
reconciled,primary,no_choi,aggregate,reml,reconciled,19,adjusted_hybrid,exclude,not_applicable
reconciled,clinician_preferred,no_choi,aggregate,reml,reconciled,20,adjusted_hybrid,exclude,not_applicable
reconciled,self_preferred,no_choi,aggregate,reml,reconciled,21,adjusted_hybrid,exclude,not_applicable
reconciled,primary,no_moodgym,aggregate,reml,reconciled,22,adjusted_hybrid,exclude,not_applicable
reconciled,clinician_preferred,no_moodgym,aggregate,reml,reconciled,23,adjusted_hybrid,exclude,not_applicable
reconciled,self_preferred,no_moodgym,aggregate,reml,reconciled,24,adjusted_hybrid,exclude,not_applicable
reconciled,primary,no_small_arms,aggregate,reml,reconciled,25,adjusted_hybrid,exclude,not_applicable
reconciled,clinician_preferred,no_small_arms,aggregate,reml,reconciled,26,adjusted_hybrid,exclude,not_applicable
reconciled,self_preferred,no_small_arms,aggregate,reml,reconciled,27,adjusted_hybrid,exclude,not_applicable
reconciled,primary,no_kalapatapu,aggregate,reml,reconciled,28,adjusted_hybrid,exclude,not_applicable
reconciled,clinician_preferred,no_kalapatapu,aggregate,reml,reconciled,29,adjusted_hybrid,exclude,not_applicable
reconciled,self_preferred,no_kalapatapu,aggregate,reml,reconciled,30,adjusted_hybrid,exclude,not_applicable
reconciled,primary,all_14,aggregate,pm,reconciled,31,adjusted_hybrid,exclude,not_applicable
reconciled,clinician_preferred,all_14,aggregate,pm,reconciled,32,adjusted_hybrid,exclude,not_applicable
reconciled,self_preferred,all_14,aggregate,pm,reconciled,33,adjusted_hybrid,exclude,not_applicable
reconciled,primary,no_choi,aggregate,pm,reconciled,34,adjusted_hybrid,exclude,not_applicable
reconciled,clinician_preferred,no_choi,aggregate,pm,reconciled,35,adjusted_hybrid,exclude,not_applicable
reconciled,self_preferred,no_choi,aggregate,pm,reconciled,36,adjusted_hybrid,exclude,not_applicable
reconciled,primary,no_moodgym,aggregate,pm,reconciled,37,adjusted_hybrid,exclude,not_applicable
reconciled,clinician_preferred,no_moodgym,aggregate,pm,reconciled,38,adjusted_hybrid,exclude,not_applicable
reconciled,self_preferred,no_moodgym,aggregate,pm,reconciled,39,adjusted_hybrid,exclude,not_applicable
reconciled,primary,no_small_arms,aggregate,pm,reconciled,40,adjusted_hybrid,exclude,not_applicable
reconciled,clinician_preferred,no_small_arms,aggregate,pm,reconciled,41,adjusted_hybrid,exclude,not_applicable
reconciled,self_preferred,no_small_arms,aggregate,pm,reconciled,42,adjusted_hybrid,exclude,not_applicable
reconciled,primary,no_kalapatapu,aggregate,pm,reconciled,43,adjusted_hybrid,exclude,not_applicable
reconciled,clinician_preferred,no_kalapatapu,aggregate,pm,reconciled,44,adjusted_hybrid,exclude,not_applicable
reconciled,self_preferred,no_kalapatapu,aggregate,pm,reconciled,45,adjusted_hybrid,exclude,not_applicable
reconciled,primary,all_14,aggregate,dl_hksj,reconciled,46,adjusted_hybrid,exclude,not_applicable
reconciled,clinician_preferred,all_14,aggregate,dl_hksj,reconciled,47,adjusted_hybrid,exclude,not_applicable
reconciled,self_preferred,all_14,aggregate,dl_hksj,reconciled,48,adjusted_hybrid,exclude,not_applicable
reconciled,primary,no_choi,aggregate,dl_hksj,reconciled,49,adjusted_hybrid,exclude,not_applicable
reconciled,clinician_preferred,no_choi,aggregate,dl_hksj,reconciled,50,adjusted_hybrid,exclude,not_applicable
reconciled,self_preferred,no_choi,aggregate,dl_hksj,reconciled,51,adjusted_hybrid,exclude,not_applicable
reconciled,primary,no_moodgym,aggregate,dl_hksj,reconciled,52,adjusted_hybrid,exclude,not_applicable
reconciled,clinician_preferred,no_moodgym,aggregate,dl_hksj,reconciled,53,adjusted_hybrid,exclude,not_applicable
reconciled,self_preferred,no_moodgym,aggregate,dl_hksj,reconciled,54,adjusted_hybrid,exclude,not_applicable
reconciled,primary,no_small_arms,aggregate,dl_hksj,reconciled,55,adjusted_hybrid,exclude,not_applicable
reconciled,clinician_preferred,no_small_arms,aggregate,dl_hksj,reconciled,56,adjusted_hybrid,exclude,not_applicable
reconciled,self_preferred,no_small_arms,aggregate,dl_hksj,reconciled,57,adjusted_hybrid,exclude,not_applicable
reconciled,primary,no_kalapatapu,aggregate,dl_hksj,reconciled,58,adjusted_hybrid,exclude,not_applicable
reconciled,clinician_preferred,no_kalapatapu,aggregate,dl_hksj,reconciled,59,adjusted_hybrid,exclude,not_applicable
reconciled,self_preferred,no_kalapatapu,aggregate,dl_hksj,reconciled,60,adjusted_hybrid,exclude,not_applicable
reconciled,primary,all_14,aggregate,reml_hksj,reconciled,61,adjusted_hybrid,exclude,not_applicable
reconciled,clinician_preferred,all_14,aggregate,reml_hksj,reconciled,62,adjusted_hybrid,exclude,not_applicable
reconciled,self_preferred,all_14,aggregate,reml_hksj,reconciled,63,adjusted_hybrid,exclude,not_applicable
reconciled,primary,no_choi,aggregate,reml_hksj,reconciled,64,adjusted_hybrid,exclude,not_applicable
reconciled,clinician_preferred,no_choi,aggregate,reml_hksj,reconciled,65,adjusted_hybrid,exclude,not_applicable
reconciled,self_preferred,no_choi,aggregate,reml_hksj,reconciled,66,adjusted_hybrid,exclude,not_applicable
reconciled,primary,no_moodgym,aggregate,reml_hksj,reconciled,67,adjusted_hybrid,exclude,not_applicable
reconciled,clinician_preferred,no_moodgym,aggregate,reml_hksj,reconciled,68,adjusted_hybrid,exclude,not_applicable
reconciled,self_preferred,no_moodgym,aggregate,reml_hksj,reconciled,69,adjusted_hybrid,exclude,not_applicable
reconciled,primary,no_small_arms,aggregate,reml_hksj,reconciled,70,adjusted_hybrid,exclude,not_applicable
reconciled,clinician_preferred,no_small_arms,aggregate,reml_hksj,reconciled,71,adjusted_hybrid,exclude,not_applicable
reconciled,self_preferred,no_small_arms,aggregate,reml_hksj,reconciled,72,adjusted_hybrid,exclude,not_applicable
reconciled,primary,no_kalapatapu,aggregate,reml_hksj,reconciled,73,adjusted_hybrid,exclude,not_applicable
reconciled,clinician_preferred,no_kalapatapu,aggregate,reml_hksj,reconciled,74,adjusted_hybrid,exclude,not_applicable
reconciled,self_preferred,no_kalapatapu,aggregate,reml_hksj,reconciled,75,adjusted_hybrid,exclude,not_applicable
reconciled,primary,all_14,aggregate,pm_hksj,reconciled,76,adjusted_hybrid,exclude,not_applicable
reconciled,clinician_preferred,all_14,aggregate,pm_hksj,reconciled,77,adjusted_hybrid,exclude,not_applicable
reconciled,self_preferred,all_14,aggregate,pm_hksj,reconciled,78,adjusted_hybrid,exclude,not_applicable
reconciled,primary,no_choi,aggregate,pm_hksj,reconciled,79,adjusted_hybrid,exclude,not_applicable
reconciled,clinician_preferred,no_choi,aggregate,pm_hksj,reconciled,80,adjusted_hybrid,exclude,not_applicable
reconciled,self_preferred,no_choi,aggregate,pm_hksj,reconciled,81,adjusted_hybrid,exclude,not_applicable
reconciled,primary,no_moodgym,aggregate,pm_hksj,reconciled,82,adjusted_hybrid,exclude,not_applicable
reconciled,clinician_preferred,no_moodgym,aggregate,pm_hksj,reconciled,83,adjusted_hybrid,exclude,not_applicable
reconciled,self_preferred,no_moodgym,aggregate,pm_hksj,reconciled,84,adjusted_hybrid,exclude,not_applicable
reconciled,primary,no_small_arms,aggregate,pm_hksj,reconciled,85,adjusted_hybrid,exclude,not_applicable
reconciled,clinician_preferred,no_small_arms,aggregate,pm_hksj,reconciled,86,adjusted_hybrid,exclude,not_applicable
reconciled,self_preferred,no_small_arms,aggregate,pm_hksj,reconciled,87,adjusted_hybrid,exclude,not_applicable
reconciled,primary,no_kalapatapu,aggregate,pm_hksj,reconciled,88,adjusted_hybrid,exclude,not_applicable
reconciled,clinician_preferred,no_kalapatapu,aggregate,pm_hksj,reconciled,89,adjusted_hybrid,exclude,not_applicable
reconciled,self_preferred,no_kalapatapu,aggregate,pm_hksj,reconciled,90,adjusted_hybrid,exclude,not_applicable
reconciled,total_wf_2,all_14,modeled,three-level,reconciled,91,adjusted_hybrid,exclude,not_applicable
reconciled,total_wf_2,no_choi,modeled,three-level,reconciled,92,adjusted_hybrid,exclude,not_applicable
reconciled,total_wf_2,no_moodgym,modeled,three-level,reconciled,93,adjusted_hybrid,exclude,not_applicable
reconciled,total_wf_2,no_small_arms,modeled,three-level,reconciled,94,adjusted_hybrid,exclude,not_applicable
reconciled,total_wf_2,no_kalapatapu,modeled,three-level,reconciled,95,adjusted_hybrid,exclude,not_applicable
reconciled,total_wf_2,all_14,modeled,rve,reconciled,96,adjusted_hybrid,exclude,not_applicable
reconciled,total_wf_2,no_choi,modeled,rve,reconciled,97,adjusted_hybrid,exclude,not_applicable
reconciled,total_wf_2,no_moodgym,modeled,rve,reconciled,98,adjusted_hybrid,exclude,not_applicable
reconciled,total_wf_2,no_small_arms,modeled,rve,reconciled,99,adjusted_hybrid,exclude,not_applicable
reconciled,total_wf_2,no_kalapatapu,modeled,rve,reconciled,100,adjusted_hybrid,exclude,not_applicable
reconciled,primary,all_14,aggregate,dl,reconciled,1,chg_smd_r0.3,not_applicable,endpoint_itt
reconciled,clinician_preferred,all_14,aggregate,dl,reconciled,2,chg_smd_r0.3,not_applicable,endpoint_itt
reconciled,self_preferred,all_14,aggregate,dl,reconciled,3,chg_smd_r0.3,not_applicable,endpoint_itt
reconciled,primary,no_choi,aggregate,dl,reconciled,4,chg_smd_r0.3,not_applicable,endpoint_itt
reconciled,clinician_preferred,no_choi,aggregate,dl,reconciled,5,chg_smd_r0.3,not_applicable,endpoint_itt
reconciled,self_preferred,no_choi,aggregate,dl,reconciled,6,chg_smd_r0.3,not_applicable,endpoint_itt
reconciled,primary,no_moodgym,aggregate,dl,reconciled,7,chg_smd_r0.3,not_applicable,endpoint_itt
reconciled,clinician_preferred,no_moodgym,aggregate,dl,reconciled,8,chg_smd_r0.3,not_applicable,endpoint_itt
reconciled,self_preferred,no_moodgym,aggregate,dl,reconciled,9,chg_smd_r0.3,not_applicable,endpoint_itt
reconciled,primary,no_small_arms,aggregate,dl,reconciled,10,chg_smd_r0.3,not_applicable,endpoint_itt
reconciled,clinician_preferred,no_small_arms,aggregate,dl,reconciled,11,chg_smd_r0.3,not_applicable,endpoint_itt
reconciled,self_preferred,no_small_arms,aggregate,dl,reconciled,12,chg_smd_r0.3,not_applicable,endpoint_itt
reconciled,primary,no_kalapatapu,aggregate,dl,reconciled,13,chg_smd_r0.3,not_applicable,endpoint_itt
reconciled,clinician_preferred,no_kalapatapu,aggregate,dl,reconciled,14,chg_smd_r0.3,not_applicable,endpoint_itt
reconciled,self_preferred,no_kalapatapu,aggregate,dl,reconciled,15,chg_smd_r0.3,not_applicable,endpoint_itt
reconciled,primary,all_14,aggregate,reml,reconciled,16,chg_smd_r0.3,not_applicable,endpoint_itt
reconciled,clinician_preferred,all_14,aggregate,reml,reconciled,17,chg_smd_r0.3,not_applicable,endpoint_itt
reconciled,self_preferred,all_14,aggregate,reml,reconciled,18,chg_smd_r0.3,not_applicable,endpoint_itt
reconciled,primary,no_choi,aggregate,reml,reconciled,19,chg_smd_r0.3,not_applicable,endpoint_itt
reconciled,clinician_preferred,no_choi,aggregate,reml,reconciled,20,chg_smd_r0.3,not_applicable,endpoint_itt
reconciled,self_preferred,no_choi,aggregate,reml,reconciled,21,chg_smd_r0.3,not_applicable,endpoint_itt
reconciled,primary,no_moodgym,aggregate,reml,reconciled,22,chg_smd_r0.3,not_applicable,endpoint_itt
reconciled,clinician_preferred,no_moodgym,aggregate,reml,reconciled,23,chg_smd_r0.3,not_applicable,endpoint_itt
reconciled,self_preferred,no_moodgym,aggregate,reml,reconciled,24,chg_smd_r0.3,not_applicable,endpoint_itt
reconciled,primary,no_small_arms,aggregate,reml,reconciled,25,chg_smd_r0.3,not_applicable,endpoint_itt
reconciled,clinician_preferred,no_small_arms,aggregate,reml,reconciled,26,chg_smd_r0.3,not_applicable,endpoint_itt
reconciled,self_preferred,no_small_arms,aggregate,reml,reconciled,27,chg_smd_r0.3,not_applicable,endpoint_itt
reconciled,primary,no_kalapatapu,aggregate,reml,reconciled,28,chg_smd_r0.3,not_applicable,endpoint_itt
reconciled,clinician_preferred,no_kalapatapu,aggregate,reml,reconciled,29,chg_smd_r0.3,not_applicable,endpoint_itt
reconciled,self_preferred,no_kalapatapu,aggregate,reml,reconciled,30,chg_smd_r0.3,not_applicable,endpoint_itt
reconciled,primary,all_14,aggregate,pm,reconciled,31,chg_smd_r0.3,not_applicable,endpoint_itt
reconciled,clinician_preferred,all_14,aggregate,pm,reconciled,32,chg_smd_r0.3,not_applicable,endpoint_itt
reconciled,self_preferred,all_14,aggregate,pm,reconciled,33,chg_smd_r0.3,not_applicable,endpoint_itt
reconciled,primary,no_choi,aggregate,pm,reconciled,34,chg_smd_r0.3,not_applicable,endpoint_itt
reconciled,clinician_preferred,no_choi,aggregate,pm,reconciled,35,chg_smd_r0.3,not_applicable,endpoint_itt
reconciled,self_preferred,no_choi,aggregate,pm,reconciled,36,chg_smd_r0.3,not_applicable,endpoint_itt
reconciled,primary,no_moodgym,aggregate,pm,reconciled,37,chg_smd_r0.3,not_applicable,endpoint_itt
reconciled,clinician_preferred,no_moodgym,aggregate,pm,reconciled,38,chg_smd_r0.3,not_applicable,endpoint_itt
reconciled,self_preferred,no_moodgym,aggregate,pm,reconciled,39,chg_smd_r0.3,not_applicable,endpoint_itt
reconciled,primary,no_small_arms,aggregate,pm,reconciled,40,chg_smd_r0.3,not_applicable,endpoint_itt
reconciled,clinician_preferred,no_small_arms,aggregate,pm,reconciled,41,chg_smd_r0.3,not_applicable,endpoint_itt
reconciled,self_preferred,no_small_arms,aggregate,pm,reconciled,42,chg_smd_r0.3,not_applicable,endpoint_itt
reconciled,primary,no_kalapatapu,aggregate,pm,reconciled,43,chg_smd_r0.3,not_applicable,endpoint_itt
reconciled,clinician_preferred,no_kalapatapu,aggregate,pm,reconciled,44,chg_smd_r0.3,not_applicable,endpoint_itt
reconciled,self_preferred,no_kalapatapu,aggregate,pm,reconciled,45,chg_smd_r0.3,not_applicable,endpoint_itt
reconciled,primary,all_14,aggregate,dl_hksj,reconciled,46,chg_smd_r0.3,not_applicable,endpoint_itt
reconciled,clinician_preferred,all_14,aggregate,dl_hksj,reconciled,47,chg_smd_r0.3,not_applicable,endpoint_itt
reconciled,self_preferred,all_14,aggregate,dl_hksj,reconciled,48,chg_smd_r0.3,not_applicable,endpoint_itt
reconciled,primary,no_choi,aggregate,dl_hksj,reconciled,49,chg_smd_r0.3,not_applicable,endpoint_itt
reconciled,clinician_preferred,no_choi,aggregate,dl_hksj,reconciled,50,chg_smd_r0.3,not_applicable,endpoint_itt
reconciled,self_preferred,no_choi,aggregate,dl_hksj,reconciled,51,chg_smd_r0.3,not_applicable,endpoint_itt
reconciled,primary,no_moodgym,aggregate,dl_hksj,reconciled,52,chg_smd_r0.3,not_applicable,endpoint_itt
reconciled,clinician_preferred,no_moodgym,aggregate,dl_hksj,reconciled,53,chg_smd_r0.3,not_applicable,endpoint_itt
reconciled,self_preferred,no_moodgym,aggregate,dl_hksj,reconciled,54,chg_smd_r0.3,not_applicable,endpoint_itt
reconciled,primary,no_small_arms,aggregate,dl_hksj,reconciled,55,chg_smd_r0.3,not_applicable,endpoint_itt
reconciled,clinician_preferred,no_small_arms,aggregate,dl_hksj,reconciled,56,chg_smd_r0.3,not_applicable,endpoint_itt
reconciled,self_preferred,no_small_arms,aggregate,dl_hksj,reconciled,57,chg_smd_r0.3,not_applicable,endpoint_itt
reconciled,primary,no_kalapatapu,aggregate,dl_hksj,reconciled,58,chg_smd_r0.3,not_applicable,endpoint_itt
reconciled,clinician_preferred,no_kalapatapu,aggregate,dl_hksj,reconciled,59,chg_smd_r0.3,not_applicable,endpoint_itt
reconciled,self_preferred,no_kalapatapu,aggregate,dl_hksj,reconciled,60,chg_smd_r0.3,not_applicable,endpoint_itt
reconciled,primary,all_14,aggregate,reml_hksj,reconciled,61,chg_smd_r0.3,not_applicable,endpoint_itt
reconciled,clinician_preferred,all_14,aggregate,reml_hksj,reconciled,62,chg_smd_r0.3,not_applicable,endpoint_itt
reconciled,self_preferred,all_14,aggregate,reml_hksj,reconciled,63,chg_smd_r0.3,not_applicable,endpoint_itt
reconciled,primary,no_choi,aggregate,reml_hksj,reconciled,64,chg_smd_r0.3,not_applicable,endpoint_itt
reconciled,clinician_preferred,no_choi,aggregate,reml_hksj,reconciled,65,chg_smd_r0.3,not_applicable,endpoint_itt
reconciled,self_preferred,no_choi,aggregate,reml_hksj,reconciled,66,chg_smd_r0.3,not_applicable,endpoint_itt
reconciled,primary,no_moodgym,aggregate,reml_hksj,reconciled,67,chg_smd_r0.3,not_applicable,endpoint_itt
reconciled,clinician_preferred,no_moodgym,aggregate,reml_hksj,reconciled,68,chg_smd_r0.3,not_applicable,endpoint_itt
reconciled,self_preferred,no_moodgym,aggregate,reml_hksj,reconciled,69,chg_smd_r0.3,not_applicable,endpoint_itt
reconciled,primary,no_small_arms,aggregate,reml_hksj,reconciled,70,chg_smd_r0.3,not_applicable,endpoint_itt
reconciled,clinician_preferred,no_small_arms,aggregate,reml_hksj,reconciled,71,chg_smd_r0.3,not_applicable,endpoint_itt
reconciled,self_preferred,no_small_arms,aggregate,reml_hksj,reconciled,72,chg_smd_r0.3,not_applicable,endpoint_itt
reconciled,primary,no_kalapatapu,aggregate,reml_hksj,reconciled,73,chg_smd_r0.3,not_applicable,endpoint_itt
reconciled,clinician_preferred,no_kalapatapu,aggregate,reml_hksj,reconciled,74,chg_smd_r0.3,not_applicable,endpoint_itt
reconciled,self_preferred,no_kalapatapu,aggregate,reml_hksj,reconciled,75,chg_smd_r0.3,not_applicable,endpoint_itt
reconciled,primary,all_14,aggregate,pm_hksj,reconciled,76,chg_smd_r0.3,not_applicable,endpoint_itt
reconciled,clinician_preferred,all_14,aggregate,pm_hksj,reconciled,77,chg_smd_r0.3,not_applicable,endpoint_itt
reconciled,self_preferred,all_14,aggregate,pm_hksj,reconciled,78,chg_smd_r0.3,not_applicable,endpoint_itt
reconciled,primary,no_choi,aggregate,pm_hksj,reconciled,79,chg_smd_r0.3,not_applicable,endpoint_itt
reconciled,clinician_preferred,no_choi,aggregate,pm_hksj,reconciled,80,chg_smd_r0.3,not_applicable,endpoint_itt
reconciled,self_preferred,no_choi,aggregate,pm_hksj,reconciled,81,chg_smd_r0.3,not_applicable,endpoint_itt
reconciled,primary,no_moodgym,aggregate,pm_hksj,reconciled,82,chg_smd_r0.3,not_applicable,endpoint_itt
reconciled,clinician_preferred,no_moodgym,aggregate,pm_hksj,reconciled,83,chg_smd_r0.3,not_applicable,endpoint_itt
reconciled,self_preferred,no_moodgym,aggregate,pm_hksj,reconciled,84,chg_smd_r0.3,not_applicable,endpoint_itt
reconciled,primary,no_small_arms,aggregate,pm_hksj,reconciled,85,chg_smd_r0.3,not_applicable,endpoint_itt
reconciled,clinician_preferred,no_small_arms,aggregate,pm_hksj,reconciled,86,chg_smd_r0.3,not_applicable,endpoint_itt
reconciled,self_preferred,no_small_arms,aggregate,pm_hksj,reconciled,87,chg_smd_r0.3,not_applicable,endpoint_itt
reconciled,primary,no_kalapatapu,aggregate,pm_hksj,reconciled,88,chg_smd_r0.3,not_applicable,endpoint_itt
reconciled,clinician_preferred,no_kalapatapu,aggregate,pm_hksj,reconciled,89,chg_smd_r0.3,not_applicable,endpoint_itt
reconciled,self_preferred,no_kalapatapu,aggregate,pm_hksj,reconciled,90,chg_smd_r0.3,not_applicable,endpoint_itt
reconciled,total_wf_2,all_14,modeled,three-level,reconciled,91,chg_smd_r0.3,not_applicable,endpoint_itt
reconciled,total_wf_2,no_choi,modeled,three-level,reconciled,92,chg_smd_r0.3,not_applicable,endpoint_itt
reconciled,total_wf_2,no_moodgym,modeled,three-level,reconciled,93,chg_smd_r0.3,not_applicable,endpoint_itt
reconciled,total_wf_2,no_small_arms,modeled,three-level,reconciled,94,chg_smd_r0.3,not_applicable,endpoint_itt
reconciled,total_wf_2,no_kalapatapu,modeled,three-level,reconciled,95,chg_smd_r0.3,not_applicable,endpoint_itt
reconciled,total_wf_2,all_14,modeled,rve,reconciled,96,chg_smd_r0.3,not_applicable,endpoint_itt
reconciled,total_wf_2,no_choi,modeled,rve,reconciled,97,chg_smd_r0.3,not_applicable,endpoint_itt
reconciled,total_wf_2,no_moodgym,modeled,rve,reconciled,98,chg_smd_r0.3,not_applicable,endpoint_itt
reconciled,total_wf_2,no_small_arms,modeled,rve,reconciled,99,chg_smd_r0.3,not_applicable,endpoint_itt
reconciled,total_wf_2,no_kalapatapu,modeled,rve,reconciled,100,chg_smd_r0.3,not_applicable,endpoint_itt
reconciled,primary,all_14,aggregate,dl,reconciled,1,chg_smd_r0.3,not_applicable,week8_completer
reconciled,clinician_preferred,all_14,aggregate,dl,reconciled,2,chg_smd_r0.3,not_applicable,week8_completer
reconciled,self_preferred,all_14,aggregate,dl,reconciled,3,chg_smd_r0.3,not_applicable,week8_completer
reconciled,primary,no_choi,aggregate,dl,reconciled,4,chg_smd_r0.3,not_applicable,week8_completer
reconciled,clinician_preferred,no_choi,aggregate,dl,reconciled,5,chg_smd_r0.3,not_applicable,week8_completer
reconciled,self_preferred,no_choi,aggregate,dl,reconciled,6,chg_smd_r0.3,not_applicable,week8_completer
reconciled,primary,no_moodgym,aggregate,dl,reconciled,7,chg_smd_r0.3,not_applicable,week8_completer
reconciled,clinician_preferred,no_moodgym,aggregate,dl,reconciled,8,chg_smd_r0.3,not_applicable,week8_completer
reconciled,self_preferred,no_moodgym,aggregate,dl,reconciled,9,chg_smd_r0.3,not_applicable,week8_completer
reconciled,primary,no_small_arms,aggregate,dl,reconciled,10,chg_smd_r0.3,not_applicable,week8_completer
reconciled,clinician_preferred,no_small_arms,aggregate,dl,reconciled,11,chg_smd_r0.3,not_applicable,week8_completer
reconciled,self_preferred,no_small_arms,aggregate,dl,reconciled,12,chg_smd_r0.3,not_applicable,week8_completer
reconciled,primary,no_kalapatapu,aggregate,dl,reconciled,13,chg_smd_r0.3,not_applicable,week8_completer
reconciled,clinician_preferred,no_kalapatapu,aggregate,dl,reconciled,14,chg_smd_r0.3,not_applicable,week8_completer
reconciled,self_preferred,no_kalapatapu,aggregate,dl,reconciled,15,chg_smd_r0.3,not_applicable,week8_completer
reconciled,primary,all_14,aggregate,reml,reconciled,16,chg_smd_r0.3,not_applicable,week8_completer
reconciled,clinician_preferred,all_14,aggregate,reml,reconciled,17,chg_smd_r0.3,not_applicable,week8_completer
reconciled,self_preferred,all_14,aggregate,reml,reconciled,18,chg_smd_r0.3,not_applicable,week8_completer
reconciled,primary,no_choi,aggregate,reml,reconciled,19,chg_smd_r0.3,not_applicable,week8_completer
reconciled,clinician_preferred,no_choi,aggregate,reml,reconciled,20,chg_smd_r0.3,not_applicable,week8_completer
reconciled,self_preferred,no_choi,aggregate,reml,reconciled,21,chg_smd_r0.3,not_applicable,week8_completer
reconciled,primary,no_moodgym,aggregate,reml,reconciled,22,chg_smd_r0.3,not_applicable,week8_completer
reconciled,clinician_preferred,no_moodgym,aggregate,reml,reconciled,23,chg_smd_r0.3,not_applicable,week8_completer
reconciled,self_preferred,no_moodgym,aggregate,reml,reconciled,24,chg_smd_r0.3,not_applicable,week8_completer
reconciled,primary,no_small_arms,aggregate,reml,reconciled,25,chg_smd_r0.3,not_applicable,week8_completer
reconciled,clinician_preferred,no_small_arms,aggregate,reml,reconciled,26,chg_smd_r0.3,not_applicable,week8_completer
reconciled,self_preferred,no_small_arms,aggregate,reml,reconciled,27,chg_smd_r0.3,not_applicable,week8_completer
reconciled,primary,no_kalapatapu,aggregate,reml,reconciled,28,chg_smd_r0.3,not_applicable,week8_completer
reconciled,clinician_preferred,no_kalapatapu,aggregate,reml,reconciled,29,chg_smd_r0.3,not_applicable,week8_completer
reconciled,self_preferred,no_kalapatapu,aggregate,reml,reconciled,30,chg_smd_r0.3,not_applicable,week8_completer
reconciled,primary,all_14,aggregate,pm,reconciled,31,chg_smd_r0.3,not_applicable,week8_completer
reconciled,clinician_preferred,all_14,aggregate,pm,reconciled,32,chg_smd_r0.3,not_applicable,week8_completer
reconciled,self_preferred,all_14,aggregate,pm,reconciled,33,chg_smd_r0.3,not_applicable,week8_completer
reconciled,primary,no_choi,aggregate,pm,reconciled,34,chg_smd_r0.3,not_applicable,week8_completer
reconciled,clinician_preferred,no_choi,aggregate,pm,reconciled,35,chg_smd_r0.3,not_applicable,week8_completer
reconciled,self_preferred,no_choi,aggregate,pm,reconciled,36,chg_smd_r0.3,not_applicable,week8_completer
reconciled,primary,no_moodgym,aggregate,pm,reconciled,37,chg_smd_r0.3,not_applicable,week8_completer
reconciled,clinician_preferred,no_moodgym,aggregate,pm,reconciled,38,chg_smd_r0.3,not_applicable,week8_completer
reconciled,self_preferred,no_moodgym,aggregate,pm,reconciled,39,chg_smd_r0.3,not_applicable,week8_completer
reconciled,primary,no_small_arms,aggregate,pm,reconciled,40,chg_smd_r0.3,not_applicable,week8_completer
reconciled,clinician_preferred,no_small_arms,aggregate,pm,reconciled,41,chg_smd_r0.3,not_applicable,week8_completer
reconciled,self_preferred,no_small_arms,aggregate,pm,reconciled,42,chg_smd_r0.3,not_applicable,week8_completer
reconciled,primary,no_kalapatapu,aggregate,pm,reconciled,43,chg_smd_r0.3,not_applicable,week8_completer
reconciled,clinician_preferred,no_kalapatapu,aggregate,pm,reconciled,44,chg_smd_r0.3,not_applicable,week8_completer
reconciled,self_preferred,no_kalapatapu,aggregate,pm,reconciled,45,chg_smd_r0.3,not_applicable,week8_completer
reconciled,primary,all_14,aggregate,dl_hksj,reconciled,46,chg_smd_r0.3,not_applicable,week8_completer
reconciled,clinician_preferred,all_14,aggregate,dl_hksj,reconciled,47,chg_smd_r0.3,not_applicable,week8_completer
reconciled,self_preferred,all_14,aggregate,dl_hksj,reconciled,48,chg_smd_r0.3,not_applicable,week8_completer
reconciled,primary,no_choi,aggregate,dl_hksj,reconciled,49,chg_smd_r0.3,not_applicable,week8_completer
reconciled,clinician_preferred,no_choi,aggregate,dl_hksj,reconciled,50,chg_smd_r0.3,not_applicable,week8_completer
reconciled,self_preferred,no_choi,aggregate,dl_hksj,reconciled,51,chg_smd_r0.3,not_applicable,week8_completer
reconciled,primary,no_moodgym,aggregate,dl_hksj,reconciled,52,chg_smd_r0.3,not_applicable,week8_completer
reconciled,clinician_preferred,no_moodgym,aggregate,dl_hksj,reconciled,53,chg_smd_r0.3,not_applicable,week8_completer
reconciled,self_preferred,no_moodgym,aggregate,dl_hksj,reconciled,54,chg_smd_r0.3,not_applicable,week8_completer
reconciled,primary,no_small_arms,aggregate,dl_hksj,reconciled,55,chg_smd_r0.3,not_applicable,week8_completer
reconciled,clinician_preferred,no_small_arms,aggregate,dl_hksj,reconciled,56,chg_smd_r0.3,not_applicable,week8_completer
reconciled,self_preferred,no_small_arms,aggregate,dl_hksj,reconciled,57,chg_smd_r0.3,not_applicable,week8_completer
reconciled,primary,no_kalapatapu,aggregate,dl_hksj,reconciled,58,chg_smd_r0.3,not_applicable,week8_completer
reconciled,clinician_preferred,no_kalapatapu,aggregate,dl_hksj,reconciled,59,chg_smd_r0.3,not_applicable,week8_completer
reconciled,self_preferred,no_kalapatapu,aggregate,dl_hksj,reconciled,60,chg_smd_r0.3,not_applicable,week8_completer
reconciled,primary,all_14,aggregate,reml_hksj,reconciled,61,chg_smd_r0.3,not_applicable,week8_completer
reconciled,clinician_preferred,all_14,aggregate,reml_hksj,reconciled,62,chg_smd_r0.3,not_applicable,week8_completer
reconciled,self_preferred,all_14,aggregate,reml_hksj,reconciled,63,chg_smd_r0.3,not_applicable,week8_completer
reconciled,primary,no_choi,aggregate,reml_hksj,reconciled,64,chg_smd_r0.3,not_applicable,week8_completer
reconciled,clinician_preferred,no_choi,aggregate,reml_hksj,reconciled,65,chg_smd_r0.3,not_applicable,week8_completer
reconciled,self_preferred,no_choi,aggregate,reml_hksj,reconciled,66,chg_smd_r0.3,not_applicable,week8_completer
reconciled,primary,no_moodgym,aggregate,reml_hksj,reconciled,67,chg_smd_r0.3,not_applicable,week8_completer
reconciled,clinician_preferred,no_moodgym,aggregate,reml_hksj,reconciled,68,chg_smd_r0.3,not_applicable,week8_completer
reconciled,self_preferred,no_moodgym,aggregate,reml_hksj,reconciled,69,chg_smd_r0.3,not_applicable,week8_completer
reconciled,primary,no_small_arms,aggregate,reml_hksj,reconciled,70,chg_smd_r0.3,not_applicable,week8_completer
reconciled,clinician_preferred,no_small_arms,aggregate,reml_hksj,reconciled,71,chg_smd_r0.3,not_applicable,week8_completer
reconciled,self_preferred,no_small_arms,aggregate,reml_hksj,reconciled,72,chg_smd_r0.3,not_applicable,week8_completer
reconciled,primary,no_kalapatapu,aggregate,reml_hksj,reconciled,73,chg_smd_r0.3,not_applicable,week8_completer
reconciled,clinician_preferred,no_kalapatapu,aggregate,reml_hksj,reconciled,74,chg_smd_r0.3,not_applicable,week8_completer
reconciled,self_preferred,no_kalapatapu,aggregate,reml_hksj,reconciled,75,chg_smd_r0.3,not_applicable,week8_completer
reconciled,primary,all_14,aggregate,pm_hksj,reconciled,76,chg_smd_r0.3,not_applicable,week8_completer
reconciled,clinician_preferred,all_14,aggregate,pm_hksj,reconciled,77,chg_smd_r0.3,not_applicable,week8_completer
reconciled,self_preferred,all_14,aggregate,pm_hksj,reconciled,78,chg_smd_r0.3,not_applicable,week8_completer
reconciled,primary,no_choi,aggregate,pm_hksj,reconciled,79,chg_smd_r0.3,not_applicable,week8_completer
reconciled,clinician_preferred,no_choi,aggregate,pm_hksj,reconciled,80,chg_smd_r0.3,not_applicable,week8_completer
reconciled,self_preferred,no_choi,aggregate,pm_hksj,reconciled,81,chg_smd_r0.3,not_applicable,week8_completer
reconciled,primary,no_moodgym,aggregate,pm_hksj,reconciled,82,chg_smd_r0.3,not_applicable,week8_completer
reconciled,clinician_preferred,no_moodgym,aggregate,pm_hksj,reconciled,83,chg_smd_r0.3,not_applicable,week8_completer
reconciled,self_preferred,no_moodgym,aggregate,pm_hksj,reconciled,84,chg_smd_r0.3,not_applicable,week8_completer
reconciled,primary,no_small_arms,aggregate,pm_hksj,reconciled,85,chg_smd_r0.3,not_applicable,week8_completer
reconciled,clinician_preferred,no_small_arms,aggregate,pm_hksj,reconciled,86,chg_smd_r0.3,not_applicable,week8_completer
reconciled,self_preferred,no_small_arms,aggregate,pm_hksj,reconciled,87,chg_smd_r0.3,not_applicable,week8_completer
reconciled,primary,no_kalapatapu,aggregate,pm_hksj,reconciled,88,chg_smd_r0.3,not_applicable,week8_completer
reconciled,clinician_preferred,no_kalapatapu,aggregate,pm_hksj,reconciled,89,chg_smd_r0.3,not_applicable,week8_completer
reconciled,self_preferred,no_kalapatapu,aggregate,pm_hksj,reconciled,90,chg_smd_r0.3,not_applicable,week8_completer
reconciled,total_wf_2,all_14,modeled,three-level,reconciled,91,chg_smd_r0.3,not_applicable,week8_completer
reconciled,total_wf_2,no_choi,modeled,three-level,reconciled,92,chg_smd_r0.3,not_applicable,week8_completer
reconciled,total_wf_2,no_moodgym,modeled,three-level,reconciled,93,chg_smd_r0.3,not_applicable,week8_completer
reconciled,total_wf_2,no_small_arms,modeled,three-level,reconciled,94,chg_smd_r0.3,not_applicable,week8_completer
reconciled,total_wf_2,no_kalapatapu,modeled,three-level,reconciled,95,chg_smd_r0.3,not_applicable,week8_completer
reconciled,total_wf_2,all_14,modeled,rve,reconciled,96,chg_smd_r0.3,not_applicable,week8_completer
reconciled,total_wf_2,no_choi,modeled,rve,reconciled,97,chg_smd_r0.3,not_applicable,week8_completer
reconciled,total_wf_2,no_moodgym,modeled,rve,reconciled,98,chg_smd_r0.3,not_applicable,week8_completer
reconciled,total_wf_2,no_small_arms,modeled,rve,reconciled,99,chg_smd_r0.3,not_applicable,week8_completer
reconciled,total_wf_2,no_kalapatapu,modeled,rve,reconciled,100,chg_smd_r0.3,not_applicable,week8_completer
reconciled,primary,all_14,aggregate,dl,reconciled,1,chg_smd_r0.6,not_applicable,endpoint_itt
reconciled,clinician_preferred,all_14,aggregate,dl,reconciled,2,chg_smd_r0.6,not_applicable,endpoint_itt
reconciled,self_preferred,all_14,aggregate,dl,reconciled,3,chg_smd_r0.6,not_applicable,endpoint_itt
reconciled,primary,no_choi,aggregate,dl,reconciled,4,chg_smd_r0.6,not_applicable,endpoint_itt
reconciled,clinician_preferred,no_choi,aggregate,dl,reconciled,5,chg_smd_r0.6,not_applicable,endpoint_itt
reconciled,self_preferred,no_choi,aggregate,dl,reconciled,6,chg_smd_r0.6,not_applicable,endpoint_itt
reconciled,primary,no_moodgym,aggregate,dl,reconciled,7,chg_smd_r0.6,not_applicable,endpoint_itt
reconciled,clinician_preferred,no_moodgym,aggregate,dl,reconciled,8,chg_smd_r0.6,not_applicable,endpoint_itt
reconciled,self_preferred,no_moodgym,aggregate,dl,reconciled,9,chg_smd_r0.6,not_applicable,endpoint_itt
reconciled,primary,no_small_arms,aggregate,dl,reconciled,10,chg_smd_r0.6,not_applicable,endpoint_itt
reconciled,clinician_preferred,no_small_arms,aggregate,dl,reconciled,11,chg_smd_r0.6,not_applicable,endpoint_itt
reconciled,self_preferred,no_small_arms,aggregate,dl,reconciled,12,chg_smd_r0.6,not_applicable,endpoint_itt
reconciled,primary,no_kalapatapu,aggregate,dl,reconciled,13,chg_smd_r0.6,not_applicable,endpoint_itt
reconciled,clinician_preferred,no_kalapatapu,aggregate,dl,reconciled,14,chg_smd_r0.6,not_applicable,endpoint_itt
reconciled,self_preferred,no_kalapatapu,aggregate,dl,reconciled,15,chg_smd_r0.6,not_applicable,endpoint_itt
reconciled,primary,all_14,aggregate,reml,reconciled,16,chg_smd_r0.6,not_applicable,endpoint_itt
reconciled,clinician_preferred,all_14,aggregate,reml,reconciled,17,chg_smd_r0.6,not_applicable,endpoint_itt
reconciled,self_preferred,all_14,aggregate,reml,reconciled,18,chg_smd_r0.6,not_applicable,endpoint_itt
reconciled,primary,no_choi,aggregate,reml,reconciled,19,chg_smd_r0.6,not_applicable,endpoint_itt
reconciled,clinician_preferred,no_choi,aggregate,reml,reconciled,20,chg_smd_r0.6,not_applicable,endpoint_itt
reconciled,self_preferred,no_choi,aggregate,reml,reconciled,21,chg_smd_r0.6,not_applicable,endpoint_itt
reconciled,primary,no_moodgym,aggregate,reml,reconciled,22,chg_smd_r0.6,not_applicable,endpoint_itt
reconciled,clinician_preferred,no_moodgym,aggregate,reml,reconciled,23,chg_smd_r0.6,not_applicable,endpoint_itt
reconciled,self_preferred,no_moodgym,aggregate,reml,reconciled,24,chg_smd_r0.6,not_applicable,endpoint_itt
reconciled,primary,no_small_arms,aggregate,reml,reconciled,25,chg_smd_r0.6,not_applicable,endpoint_itt
reconciled,clinician_preferred,no_small_arms,aggregate,reml,reconciled,26,chg_smd_r0.6,not_applicable,endpoint_itt
reconciled,self_preferred,no_small_arms,aggregate,reml,reconciled,27,chg_smd_r0.6,not_applicable,endpoint_itt
reconciled,primary,no_kalapatapu,aggregate,reml,reconciled,28,chg_smd_r0.6,not_applicable,endpoint_itt
reconciled,clinician_preferred,no_kalapatapu,aggregate,reml,reconciled,29,chg_smd_r0.6,not_applicable,endpoint_itt
reconciled,self_preferred,no_kalapatapu,aggregate,reml,reconciled,30,chg_smd_r0.6,not_applicable,endpoint_itt
reconciled,primary,all_14,aggregate,pm,reconciled,31,chg_smd_r0.6,not_applicable,endpoint_itt
reconciled,clinician_preferred,all_14,aggregate,pm,reconciled,32,chg_smd_r0.6,not_applicable,endpoint_itt
reconciled,self_preferred,all_14,aggregate,pm,reconciled,33,chg_smd_r0.6,not_applicable,endpoint_itt
reconciled,primary,no_choi,aggregate,pm,reconciled,34,chg_smd_r0.6,not_applicable,endpoint_itt
reconciled,clinician_preferred,no_choi,aggregate,pm,reconciled,35,chg_smd_r0.6,not_applicable,endpoint_itt
reconciled,self_preferred,no_choi,aggregate,pm,reconciled,36,chg_smd_r0.6,not_applicable,endpoint_itt
reconciled,primary,no_moodgym,aggregate,pm,reconciled,37,chg_smd_r0.6,not_applicable,endpoint_itt
reconciled,clinician_preferred,no_moodgym,aggregate,pm,reconciled,38,chg_smd_r0.6,not_applicable,endpoint_itt
reconciled,self_preferred,no_moodgym,aggregate,pm,reconciled,39,chg_smd_r0.6,not_applicable,endpoint_itt
reconciled,primary,no_small_arms,aggregate,pm,reconciled,40,chg_smd_r0.6,not_applicable,endpoint_itt
reconciled,clinician_preferred,no_small_arms,aggregate,pm,reconciled,41,chg_smd_r0.6,not_applicable,endpoint_itt
reconciled,self_preferred,no_small_arms,aggregate,pm,reconciled,42,chg_smd_r0.6,not_applicable,endpoint_itt
reconciled,primary,no_kalapatapu,aggregate,pm,reconciled,43,chg_smd_r0.6,not_applicable,endpoint_itt
reconciled,clinician_preferred,no_kalapatapu,aggregate,pm,reconciled,44,chg_smd_r0.6,not_applicable,endpoint_itt
reconciled,self_preferred,no_kalapatapu,aggregate,pm,reconciled,45,chg_smd_r0.6,not_applicable,endpoint_itt
reconciled,primary,all_14,aggregate,dl_hksj,reconciled,46,chg_smd_r0.6,not_applicable,endpoint_itt
reconciled,clinician_preferred,all_14,aggregate,dl_hksj,reconciled,47,chg_smd_r0.6,not_applicable,endpoint_itt
reconciled,self_preferred,all_14,aggregate,dl_hksj,reconciled,48,chg_smd_r0.6,not_applicable,endpoint_itt
reconciled,primary,no_choi,aggregate,dl_hksj,reconciled,49,chg_smd_r0.6,not_applicable,endpoint_itt
reconciled,clinician_preferred,no_choi,aggregate,dl_hksj,reconciled,50,chg_smd_r0.6,not_applicable,endpoint_itt
reconciled,self_preferred,no_choi,aggregate,dl_hksj,reconciled,51,chg_smd_r0.6,not_applicable,endpoint_itt
reconciled,primary,no_moodgym,aggregate,dl_hksj,reconciled,52,chg_smd_r0.6,not_applicable,endpoint_itt
reconciled,clinician_preferred,no_moodgym,aggregate,dl_hksj,reconciled,53,chg_smd_r0.6,not_applicable,endpoint_itt
reconciled,self_preferred,no_moodgym,aggregate,dl_hksj,reconciled,54,chg_smd_r0.6,not_applicable,endpoint_itt
reconciled,primary,no_small_arms,aggregate,dl_hksj,reconciled,55,chg_smd_r0.6,not_applicable,endpoint_itt
reconciled,clinician_preferred,no_small_arms,aggregate,dl_hksj,reconciled,56,chg_smd_r0.6,not_applicable,endpoint_itt
reconciled,self_preferred,no_small_arms,aggregate,dl_hksj,reconciled,57,chg_smd_r0.6,not_applicable,endpoint_itt
reconciled,primary,no_kalapatapu,aggregate,dl_hksj,reconciled,58,chg_smd_r0.6,not_applicable,endpoint_itt
reconciled,clinician_preferred,no_kalapatapu,aggregate,dl_hksj,reconciled,59,chg_smd_r0.6,not_applicable,endpoint_itt
reconciled,self_preferred,no_kalapatapu,aggregate,dl_hksj,reconciled,60,chg_smd_r0.6,not_applicable,endpoint_itt
reconciled,primary,all_14,aggregate,reml_hksj,reconciled,61,chg_smd_r0.6,not_applicable,endpoint_itt
reconciled,clinician_preferred,all_14,aggregate,reml_hksj,reconciled,62,chg_smd_r0.6,not_applicable,endpoint_itt
reconciled,self_preferred,all_14,aggregate,reml_hksj,reconciled,63,chg_smd_r0.6,not_applicable,endpoint_itt
reconciled,primary,no_choi,aggregate,reml_hksj,reconciled,64,chg_smd_r0.6,not_applicable,endpoint_itt
reconciled,clinician_preferred,no_choi,aggregate,reml_hksj,reconciled,65,chg_smd_r0.6,not_applicable,endpoint_itt
reconciled,self_preferred,no_choi,aggregate,reml_hksj,reconciled,66,chg_smd_r0.6,not_applicable,endpoint_itt
reconciled,primary,no_moodgym,aggregate,reml_hksj,reconciled,67,chg_smd_r0.6,not_applicable,endpoint_itt
reconciled,clinician_preferred,no_moodgym,aggregate,reml_hksj,reconciled,68,chg_smd_r0.6,not_applicable,endpoint_itt
reconciled,self_preferred,no_moodgym,aggregate,reml_hksj,reconciled,69,chg_smd_r0.6,not_applicable,endpoint_itt
reconciled,primary,no_small_arms,aggregate,reml_hksj,reconciled,70,chg_smd_r0.6,not_applicable,endpoint_itt
reconciled,clinician_preferred,no_small_arms,aggregate,reml_hksj,reconciled,71,chg_smd_r0.6,not_applicable,endpoint_itt
reconciled,self_preferred,no_small_arms,aggregate,reml_hksj,reconciled,72,chg_smd_r0.6,not_applicable,endpoint_itt
reconciled,primary,no_kalapatapu,aggregate,reml_hksj,reconciled,73,chg_smd_r0.6,not_applicable,endpoint_itt
reconciled,clinician_preferred,no_kalapatapu,aggregate,reml_hksj,reconciled,74,chg_smd_r0.6,not_applicable,endpoint_itt
reconciled,self_preferred,no_kalapatapu,aggregate,reml_hksj,reconciled,75,chg_smd_r0.6,not_applicable,endpoint_itt
reconciled,primary,all_14,aggregate,pm_hksj,reconciled,76,chg_smd_r0.6,not_applicable,endpoint_itt
reconciled,clinician_preferred,all_14,aggregate,pm_hksj,reconciled,77,chg_smd_r0.6,not_applicable,endpoint_itt
reconciled,self_preferred,all_14,aggregate,pm_hksj,reconciled,78,chg_smd_r0.6,not_applicable,endpoint_itt
reconciled,primary,no_choi,aggregate,pm_hksj,reconciled,79,chg_smd_r0.6,not_applicable,endpoint_itt
reconciled,clinician_preferred,no_choi,aggregate,pm_hksj,reconciled,80,chg_smd_r0.6,not_applicable,endpoint_itt
reconciled,self_preferred,no_choi,aggregate,pm_hksj,reconciled,81,chg_smd_r0.6,not_applicable,endpoint_itt
reconciled,primary,no_moodgym,aggregate,pm_hksj,reconciled,82,chg_smd_r0.6,not_applicable,endpoint_itt
reconciled,clinician_preferred,no_moodgym,aggregate,pm_hksj,reconciled,83,chg_smd_r0.6,not_applicable,endpoint_itt
reconciled,self_preferred,no_moodgym,aggregate,pm_hksj,reconciled,84,chg_smd_r0.6,not_applicable,endpoint_itt
reconciled,primary,no_small_arms,aggregate,pm_hksj,reconciled,85,chg_smd_r0.6,not_applicable,endpoint_itt
reconciled,clinician_preferred,no_small_arms,aggregate,pm_hksj,reconciled,86,chg_smd_r0.6,not_applicable,endpoint_itt
reconciled,self_preferred,no_small_arms,aggregate,pm_hksj,reconciled,87,chg_smd_r0.6,not_applicable,endpoint_itt
reconciled,primary,no_kalapatapu,aggregate,pm_hksj,reconciled,88,chg_smd_r0.6,not_applicable,endpoint_itt
reconciled,clinician_preferred,no_kalapatapu,aggregate,pm_hksj,reconciled,89,chg_smd_r0.6,not_applicable,endpoint_itt
reconciled,self_preferred,no_kalapatapu,aggregate,pm_hksj,reconciled,90,chg_smd_r0.6,not_applicable,endpoint_itt
reconciled,total_wf_2,all_14,modeled,three-level,reconciled,91,chg_smd_r0.6,not_applicable,endpoint_itt
reconciled,total_wf_2,no_choi,modeled,three-level,reconciled,92,chg_smd_r0.6,not_applicable,endpoint_itt
reconciled,total_wf_2,no_moodgym,modeled,three-level,reconciled,93,chg_smd_r0.6,not_applicable,endpoint_itt
reconciled,total_wf_2,no_small_arms,modeled,three-level,reconciled,94,chg_smd_r0.6,not_applicable,endpoint_itt
reconciled,total_wf_2,no_kalapatapu,modeled,three-level,reconciled,95,chg_smd_r0.6,not_applicable,endpoint_itt
reconciled,total_wf_2,all_14,modeled,rve,reconciled,96,chg_smd_r0.6,not_applicable,endpoint_itt
reconciled,total_wf_2,no_choi,modeled,rve,reconciled,97,chg_smd_r0.6,not_applicable,endpoint_itt
reconciled,total_wf_2,no_moodgym,modeled,rve,reconciled,98,chg_smd_r0.6,not_applicable,endpoint_itt
reconciled,total_wf_2,no_small_arms,modeled,rve,reconciled,99,chg_smd_r0.6,not_applicable,endpoint_itt
reconciled,total_wf_2,no_kalapatapu,modeled,rve,reconciled,100,chg_smd_r0.6,not_applicable,endpoint_itt
reconciled,primary,all_14,aggregate,dl,reconciled,1,chg_smd_r0.6,not_applicable,week8_completer
reconciled,clinician_preferred,all_14,aggregate,dl,reconciled,2,chg_smd_r0.6,not_applicable,week8_completer
reconciled,self_preferred,all_14,aggregate,dl,reconciled,3,chg_smd_r0.6,not_applicable,week8_completer
reconciled,primary,no_choi,aggregate,dl,reconciled,4,chg_smd_r0.6,not_applicable,week8_completer
reconciled,clinician_preferred,no_choi,aggregate,dl,reconciled,5,chg_smd_r0.6,not_applicable,week8_completer
reconciled,self_preferred,no_choi,aggregate,dl,reconciled,6,chg_smd_r0.6,not_applicable,week8_completer
reconciled,primary,no_moodgym,aggregate,dl,reconciled,7,chg_smd_r0.6,not_applicable,week8_completer
reconciled,clinician_preferred,no_moodgym,aggregate,dl,reconciled,8,chg_smd_r0.6,not_applicable,week8_completer
reconciled,self_preferred,no_moodgym,aggregate,dl,reconciled,9,chg_smd_r0.6,not_applicable,week8_completer
reconciled,primary,no_small_arms,aggregate,dl,reconciled,10,chg_smd_r0.6,not_applicable,week8_completer
reconciled,clinician_preferred,no_small_arms,aggregate,dl,reconciled,11,chg_smd_r0.6,not_applicable,week8_completer
reconciled,self_preferred,no_small_arms,aggregate,dl,reconciled,12,chg_smd_r0.6,not_applicable,week8_completer
reconciled,primary,no_kalapatapu,aggregate,dl,reconciled,13,chg_smd_r0.6,not_applicable,week8_completer
reconciled,clinician_preferred,no_kalapatapu,aggregate,dl,reconciled,14,chg_smd_r0.6,not_applicable,week8_completer
reconciled,self_preferred,no_kalapatapu,aggregate,dl,reconciled,15,chg_smd_r0.6,not_applicable,week8_completer
reconciled,primary,all_14,aggregate,reml,reconciled,16,chg_smd_r0.6,not_applicable,week8_completer
reconciled,clinician_preferred,all_14,aggregate,reml,reconciled,17,chg_smd_r0.6,not_applicable,week8_completer
reconciled,self_preferred,all_14,aggregate,reml,reconciled,18,chg_smd_r0.6,not_applicable,week8_completer
reconciled,primary,no_choi,aggregate,reml,reconciled,19,chg_smd_r0.6,not_applicable,week8_completer
reconciled,clinician_preferred,no_choi,aggregate,reml,reconciled,20,chg_smd_r0.6,not_applicable,week8_completer
reconciled,self_preferred,no_choi,aggregate,reml,reconciled,21,chg_smd_r0.6,not_applicable,week8_completer
reconciled,primary,no_moodgym,aggregate,reml,reconciled,22,chg_smd_r0.6,not_applicable,week8_completer
reconciled,clinician_preferred,no_moodgym,aggregate,reml,reconciled,23,chg_smd_r0.6,not_applicable,week8_completer
reconciled,self_preferred,no_moodgym,aggregate,reml,reconciled,24,chg_smd_r0.6,not_applicable,week8_completer
reconciled,primary,no_small_arms,aggregate,reml,reconciled,25,chg_smd_r0.6,not_applicable,week8_completer
reconciled,clinician_preferred,no_small_arms,aggregate,reml,reconciled,26,chg_smd_r0.6,not_applicable,week8_completer
reconciled,self_preferred,no_small_arms,aggregate,reml,reconciled,27,chg_smd_r0.6,not_applicable,week8_completer
reconciled,primary,no_kalapatapu,aggregate,reml,reconciled,28,chg_smd_r0.6,not_applicable,week8_completer
reconciled,clinician_preferred,no_kalapatapu,aggregate,reml,reconciled,29,chg_smd_r0.6,not_applicable,week8_completer
reconciled,self_preferred,no_kalapatapu,aggregate,reml,reconciled,30,chg_smd_r0.6,not_applicable,week8_completer
reconciled,primary,all_14,aggregate,pm,reconciled,31,chg_smd_r0.6,not_applicable,week8_completer
reconciled,clinician_preferred,all_14,aggregate,pm,reconciled,32,chg_smd_r0.6,not_applicable,week8_completer
reconciled,self_preferred,all_14,aggregate,pm,reconciled,33,chg_smd_r0.6,not_applicable,week8_completer
reconciled,primary,no_choi,aggregate,pm,reconciled,34,chg_smd_r0.6,not_applicable,week8_completer
reconciled,clinician_preferred,no_choi,aggregate,pm,reconciled,35,chg_smd_r0.6,not_applicable,week8_completer
reconciled,self_preferred,no_choi,aggregate,pm,reconciled,36,chg_smd_r0.6,not_applicable,week8_completer
reconciled,primary,no_moodgym,aggregate,pm,reconciled,37,chg_smd_r0.6,not_applicable,week8_completer
reconciled,clinician_preferred,no_moodgym,aggregate,pm,reconciled,38,chg_smd_r0.6,not_applicable,week8_completer
reconciled,self_preferred,no_moodgym,aggregate,pm,reconciled,39,chg_smd_r0.6,not_applicable,week8_completer
reconciled,primary,no_small_arms,aggregate,pm,reconciled,40,chg_smd_r0.6,not_applicable,week8_completer
reconciled,clinician_preferred,no_small_arms,aggregate,pm,reconciled,41,chg_smd_r0.6,not_applicable,week8_completer
reconciled,self_preferred,no_small_arms,aggregate,pm,reconciled,42,chg_smd_r0.6,not_applicable,week8_completer
reconciled,primary,no_kalapatapu,aggregate,pm,reconciled,43,chg_smd_r0.6,not_applicable,week8_completer
reconciled,clinician_preferred,no_kalapatapu,aggregate,pm,reconciled,44,chg_smd_r0.6,not_applicable,week8_completer
reconciled,self_preferred,no_kalapatapu,aggregate,pm,reconciled,45,chg_smd_r0.6,not_applicable,week8_completer
reconciled,primary,all_14,aggregate,dl_hksj,reconciled,46,chg_smd_r0.6,not_applicable,week8_completer
reconciled,clinician_preferred,all_14,aggregate,dl_hksj,reconciled,47,chg_smd_r0.6,not_applicable,week8_completer
reconciled,self_preferred,all_14,aggregate,dl_hksj,reconciled,48,chg_smd_r0.6,not_applicable,week8_completer
reconciled,primary,no_choi,aggregate,dl_hksj,reconciled,49,chg_smd_r0.6,not_applicable,week8_completer
reconciled,clinician_preferred,no_choi,aggregate,dl_hksj,reconciled,50,chg_smd_r0.6,not_applicable,week8_completer
reconciled,self_preferred,no_choi,aggregate,dl_hksj,reconciled,51,chg_smd_r0.6,not_applicable,week8_completer
reconciled,primary,no_moodgym,aggregate,dl_hksj,reconciled,52,chg_smd_r0.6,not_applicable,week8_completer
reconciled,clinician_preferred,no_moodgym,aggregate,dl_hksj,reconciled,53,chg_smd_r0.6,not_applicable,week8_completer
reconciled,self_preferred,no_moodgym,aggregate,dl_hksj,reconciled,54,chg_smd_r0.6,not_applicable,week8_completer
reconciled,primary,no_small_arms,aggregate,dl_hksj,reconciled,55,chg_smd_r0.6,not_applicable,week8_completer
reconciled,clinician_preferred,no_small_arms,aggregate,dl_hksj,reconciled,56,chg_smd_r0.6,not_applicable,week8_completer
reconciled,self_preferred,no_small_arms,aggregate,dl_hksj,reconciled,57,chg_smd_r0.6,not_applicable,week8_completer
reconciled,primary,no_kalapatapu,aggregate,dl_hksj,reconciled,58,chg_smd_r0.6,not_applicable,week8_completer
reconciled,clinician_preferred,no_kalapatapu,aggregate,dl_hksj,reconciled,59,chg_smd_r0.6,not_applicable,week8_completer
reconciled,self_preferred,no_kalapatapu,aggregate,dl_hksj,reconciled,60,chg_smd_r0.6,not_applicable,week8_completer
reconciled,primary,all_14,aggregate,reml_hksj,reconciled,61,chg_smd_r0.6,not_applicable,week8_completer
reconciled,clinician_preferred,all_14,aggregate,reml_hksj,reconciled,62,chg_smd_r0.6,not_applicable,week8_completer
reconciled,self_preferred,all_14,aggregate,reml_hksj,reconciled,63,chg_smd_r0.6,not_applicable,week8_completer
reconciled,primary,no_choi,aggregate,reml_hksj,reconciled,64,chg_smd_r0.6,not_applicable,week8_completer
reconciled,clinician_preferred,no_choi,aggregate,reml_hksj,reconciled,65,chg_smd_r0.6,not_applicable,week8_completer
reconciled,self_preferred,no_choi,aggregate,reml_hksj,reconciled,66,chg_smd_r0.6,not_applicable,week8_completer
reconciled,primary,no_moodgym,aggregate,reml_hksj,reconciled,67,chg_smd_r0.6,not_applicable,week8_completer
reconciled,clinician_preferred,no_moodgym,aggregate,reml_hksj,reconciled,68,chg_smd_r0.6,not_applicable,week8_completer
reconciled,self_preferred,no_moodgym,aggregate,reml_hksj,reconciled,69,chg_smd_r0.6,not_applicable,week8_completer
reconciled,primary,no_small_arms,aggregate,reml_hksj,reconciled,70,chg_smd_r0.6,not_applicable,week8_completer
reconciled,clinician_preferred,no_small_arms,aggregate,reml_hksj,reconciled,71,chg_smd_r0.6,not_applicable,week8_completer
reconciled,self_preferred,no_small_arms,aggregate,reml_hksj,reconciled,72,chg_smd_r0.6,not_applicable,week8_completer
reconciled,primary,no_kalapatapu,aggregate,reml_hksj,reconciled,73,chg_smd_r0.6,not_applicable,week8_completer
reconciled,clinician_preferred,no_kalapatapu,aggregate,reml_hksj,reconciled,74,chg_smd_r0.6,not_applicable,week8_completer
reconciled,self_preferred,no_kalapatapu,aggregate,reml_hksj,reconciled,75,chg_smd_r0.6,not_applicable,week8_completer
reconciled,primary,all_14,aggregate,pm_hksj,reconciled,76,chg_smd_r0.6,not_applicable,week8_completer
reconciled,clinician_preferred,all_14,aggregate,pm_hksj,reconciled,77,chg_smd_r0.6,not_applicable,week8_completer
reconciled,self_preferred,all_14,aggregate,pm_hksj,reconciled,78,chg_smd_r0.6,not_applicable,week8_completer
reconciled,primary,no_choi,aggregate,pm_hksj,reconciled,79,chg_smd_r0.6,not_applicable,week8_completer
reconciled,clinician_preferred,no_choi,aggregate,pm_hksj,reconciled,80,chg_smd_r0.6,not_applicable,week8_completer
reconciled,self_preferred,no_choi,aggregate,pm_hksj,reconciled,81,chg_smd_r0.6,not_applicable,week8_completer
reconciled,primary,no_moodgym,aggregate,pm_hksj,reconciled,82,chg_smd_r0.6,not_applicable,week8_completer
reconciled,clinician_preferred,no_moodgym,aggregate,pm_hksj,reconciled,83,chg_smd_r0.6,not_applicable,week8_completer
reconciled,self_preferred,no_moodgym,aggregate,pm_hksj,reconciled,84,chg_smd_r0.6,not_applicable,week8_completer
reconciled,primary,no_small_arms,aggregate,pm_hksj,reconciled,85,chg_smd_r0.6,not_applicable,week8_completer
reconciled,clinician_preferred,no_small_arms,aggregate,pm_hksj,reconciled,86,chg_smd_r0.6,not_applicable,week8_completer
reconciled,self_preferred,no_small_arms,aggregate,pm_hksj,reconciled,87,chg_smd_r0.6,not_applicable,week8_completer
reconciled,primary,no_kalapatapu,aggregate,pm_hksj,reconciled,88,chg_smd_r0.6,not_applicable,week8_completer
reconciled,clinician_preferred,no_kalapatapu,aggregate,pm_hksj,reconciled,89,chg_smd_r0.6,not_applicable,week8_completer
reconciled,self_preferred,no_kalapatapu,aggregate,pm_hksj,reconciled,90,chg_smd_r0.6,not_applicable,week8_completer
reconciled,total_wf_2,all_14,modeled,three-level,reconciled,91,chg_smd_r0.6,not_applicable,week8_completer
reconciled,total_wf_2,no_choi,modeled,three-level,reconciled,92,chg_smd_r0.6,not_applicable,week8_completer
reconciled,total_wf_2,no_moodgym,modeled,three-level,reconciled,93,chg_smd_r0.6,not_applicable,week8_completer
reconciled,total_wf_2,no_small_arms,modeled,three-level,reconciled,94,chg_smd_r0.6,not_applicable,week8_completer
reconciled,total_wf_2,no_kalapatapu,modeled,three-level,reconciled,95,chg_smd_r0.6,not_applicable,week8_completer
reconciled,total_wf_2,all_14,modeled,rve,reconciled,96,chg_smd_r0.6,not_applicable,week8_completer
reconciled,total_wf_2,no_choi,modeled,rve,reconciled,97,chg_smd_r0.6,not_applicable,week8_completer
reconciled,total_wf_2,no_moodgym,modeled,rve,reconciled,98,chg_smd_r0.6,not_applicable,week8_completer
reconciled,total_wf_2,no_small_arms,modeled,rve,reconciled,99,chg_smd_r0.6,not_applicable,week8_completer
reconciled,total_wf_2,no_kalapatapu,modeled,rve,reconciled,100,chg_smd_r0.6,not_applicable,week8_completer
reconciled,primary,all_14,aggregate,dl,reconciled,1,smc_r0.3,not_applicable,endpoint_itt
reconciled,clinician_preferred,all_14,aggregate,dl,reconciled,2,smc_r0.3,not_applicable,endpoint_itt
reconciled,self_preferred,all_14,aggregate,dl,reconciled,3,smc_r0.3,not_applicable,endpoint_itt
reconciled,primary,no_choi,aggregate,dl,reconciled,4,smc_r0.3,not_applicable,endpoint_itt
reconciled,clinician_preferred,no_choi,aggregate,dl,reconciled,5,smc_r0.3,not_applicable,endpoint_itt
reconciled,self_preferred,no_choi,aggregate,dl,reconciled,6,smc_r0.3,not_applicable,endpoint_itt
reconciled,primary,no_moodgym,aggregate,dl,reconciled,7,smc_r0.3,not_applicable,endpoint_itt
reconciled,clinician_preferred,no_moodgym,aggregate,dl,reconciled,8,smc_r0.3,not_applicable,endpoint_itt
reconciled,self_preferred,no_moodgym,aggregate,dl,reconciled,9,smc_r0.3,not_applicable,endpoint_itt
reconciled,primary,no_small_arms,aggregate,dl,reconciled,10,smc_r0.3,not_applicable,endpoint_itt
reconciled,clinician_preferred,no_small_arms,aggregate,dl,reconciled,11,smc_r0.3,not_applicable,endpoint_itt
reconciled,self_preferred,no_small_arms,aggregate,dl,reconciled,12,smc_r0.3,not_applicable,endpoint_itt
reconciled,primary,no_kalapatapu,aggregate,dl,reconciled,13,smc_r0.3,not_applicable,endpoint_itt
reconciled,clinician_preferred,no_kalapatapu,aggregate,dl,reconciled,14,smc_r0.3,not_applicable,endpoint_itt
reconciled,self_preferred,no_kalapatapu,aggregate,dl,reconciled,15,smc_r0.3,not_applicable,endpoint_itt
reconciled,primary,all_14,aggregate,reml,reconciled,16,smc_r0.3,not_applicable,endpoint_itt
reconciled,clinician_preferred,all_14,aggregate,reml,reconciled,17,smc_r0.3,not_applicable,endpoint_itt
reconciled,self_preferred,all_14,aggregate,reml,reconciled,18,smc_r0.3,not_applicable,endpoint_itt
reconciled,primary,no_choi,aggregate,reml,reconciled,19,smc_r0.3,not_applicable,endpoint_itt
reconciled,clinician_preferred,no_choi,aggregate,reml,reconciled,20,smc_r0.3,not_applicable,endpoint_itt
reconciled,self_preferred,no_choi,aggregate,reml,reconciled,21,smc_r0.3,not_applicable,endpoint_itt
reconciled,primary,no_moodgym,aggregate,reml,reconciled,22,smc_r0.3,not_applicable,endpoint_itt
reconciled,clinician_preferred,no_moodgym,aggregate,reml,reconciled,23,smc_r0.3,not_applicable,endpoint_itt
reconciled,self_preferred,no_moodgym,aggregate,reml,reconciled,24,smc_r0.3,not_applicable,endpoint_itt
reconciled,primary,no_small_arms,aggregate,reml,reconciled,25,smc_r0.3,not_applicable,endpoint_itt
reconciled,clinician_preferred,no_small_arms,aggregate,reml,reconciled,26,smc_r0.3,not_applicable,endpoint_itt
reconciled,self_preferred,no_small_arms,aggregate,reml,reconciled,27,smc_r0.3,not_applicable,endpoint_itt
reconciled,primary,no_kalapatapu,aggregate,reml,reconciled,28,smc_r0.3,not_applicable,endpoint_itt
reconciled,clinician_preferred,no_kalapatapu,aggregate,reml,reconciled,29,smc_r0.3,not_applicable,endpoint_itt
reconciled,self_preferred,no_kalapatapu,aggregate,reml,reconciled,30,smc_r0.3,not_applicable,endpoint_itt
reconciled,primary,all_14,aggregate,pm,reconciled,31,smc_r0.3,not_applicable,endpoint_itt
reconciled,clinician_preferred,all_14,aggregate,pm,reconciled,32,smc_r0.3,not_applicable,endpoint_itt
reconciled,self_preferred,all_14,aggregate,pm,reconciled,33,smc_r0.3,not_applicable,endpoint_itt
reconciled,primary,no_choi,aggregate,pm,reconciled,34,smc_r0.3,not_applicable,endpoint_itt
reconciled,clinician_preferred,no_choi,aggregate,pm,reconciled,35,smc_r0.3,not_applicable,endpoint_itt
reconciled,self_preferred,no_choi,aggregate,pm,reconciled,36,smc_r0.3,not_applicable,endpoint_itt
reconciled,primary,no_moodgym,aggregate,pm,reconciled,37,smc_r0.3,not_applicable,endpoint_itt
reconciled,clinician_preferred,no_moodgym,aggregate,pm,reconciled,38,smc_r0.3,not_applicable,endpoint_itt
reconciled,self_preferred,no_moodgym,aggregate,pm,reconciled,39,smc_r0.3,not_applicable,endpoint_itt
reconciled,primary,no_small_arms,aggregate,pm,reconciled,40,smc_r0.3,not_applicable,endpoint_itt
reconciled,clinician_preferred,no_small_arms,aggregate,pm,reconciled,41,smc_r0.3,not_applicable,endpoint_itt
reconciled,self_preferred,no_small_arms,aggregate,pm,reconciled,42,smc_r0.3,not_applicable,endpoint_itt
reconciled,primary,no_kalapatapu,aggregate,pm,reconciled,43,smc_r0.3,not_applicable,endpoint_itt
reconciled,clinician_preferred,no_kalapatapu,aggregate,pm,reconciled,44,smc_r0.3,not_applicable,endpoint_itt
reconciled,self_preferred,no_kalapatapu,aggregate,pm,reconciled,45,smc_r0.3,not_applicable,endpoint_itt
reconciled,primary,all_14,aggregate,dl_hksj,reconciled,46,smc_r0.3,not_applicable,endpoint_itt
reconciled,clinician_preferred,all_14,aggregate,dl_hksj,reconciled,47,smc_r0.3,not_applicable,endpoint_itt
reconciled,self_preferred,all_14,aggregate,dl_hksj,reconciled,48,smc_r0.3,not_applicable,endpoint_itt
reconciled,primary,no_choi,aggregate,dl_hksj,reconciled,49,smc_r0.3,not_applicable,endpoint_itt
reconciled,clinician_preferred,no_choi,aggregate,dl_hksj,reconciled,50,smc_r0.3,not_applicable,endpoint_itt
reconciled,self_preferred,no_choi,aggregate,dl_hksj,reconciled,51,smc_r0.3,not_applicable,endpoint_itt
reconciled,primary,no_moodgym,aggregate,dl_hksj,reconciled,52,smc_r0.3,not_applicable,endpoint_itt
reconciled,clinician_preferred,no_moodgym,aggregate,dl_hksj,reconciled,53,smc_r0.3,not_applicable,endpoint_itt
reconciled,self_preferred,no_moodgym,aggregate,dl_hksj,reconciled,54,smc_r0.3,not_applicable,endpoint_itt
reconciled,primary,no_small_arms,aggregate,dl_hksj,reconciled,55,smc_r0.3,not_applicable,endpoint_itt
reconciled,clinician_preferred,no_small_arms,aggregate,dl_hksj,reconciled,56,smc_r0.3,not_applicable,endpoint_itt
reconciled,self_preferred,no_small_arms,aggregate,dl_hksj,reconciled,57,smc_r0.3,not_applicable,endpoint_itt
reconciled,primary,no_kalapatapu,aggregate,dl_hksj,reconciled,58,smc_r0.3,not_applicable,endpoint_itt
reconciled,clinician_preferred,no_kalapatapu,aggregate,dl_hksj,reconciled,59,smc_r0.3,not_applicable,endpoint_itt
reconciled,self_preferred,no_kalapatapu,aggregate,dl_hksj,reconciled,60,smc_r0.3,not_applicable,endpoint_itt
reconciled,primary,all_14,aggregate,reml_hksj,reconciled,61,smc_r0.3,not_applicable,endpoint_itt
reconciled,clinician_preferred,all_14,aggregate,reml_hksj,reconciled,62,smc_r0.3,not_applicable,endpoint_itt
reconciled,self_preferred,all_14,aggregate,reml_hksj,reconciled,63,smc_r0.3,not_applicable,endpoint_itt
reconciled,primary,no_choi,aggregate,reml_hksj,reconciled,64,smc_r0.3,not_applicable,endpoint_itt
reconciled,clinician_preferred,no_choi,aggregate,reml_hksj,reconciled,65,smc_r0.3,not_applicable,endpoint_itt
reconciled,self_preferred,no_choi,aggregate,reml_hksj,reconciled,66,smc_r0.3,not_applicable,endpoint_itt
reconciled,primary,no_moodgym,aggregate,reml_hksj,reconciled,67,smc_r0.3,not_applicable,endpoint_itt
reconciled,clinician_preferred,no_moodgym,aggregate,reml_hksj,reconciled,68,smc_r0.3,not_applicable,endpoint_itt
reconciled,self_preferred,no_moodgym,aggregate,reml_hksj,reconciled,69,smc_r0.3,not_applicable,endpoint_itt
reconciled,primary,no_small_arms,aggregate,reml_hksj,reconciled,70,smc_r0.3,not_applicable,endpoint_itt
reconciled,clinician_preferred,no_small_arms,aggregate,reml_hksj,reconciled,71,smc_r0.3,not_applicable,endpoint_itt
reconciled,self_preferred,no_small_arms,aggregate,reml_hksj,reconciled,72,smc_r0.3,not_applicable,endpoint_itt
reconciled,primary,no_kalapatapu,aggregate,reml_hksj,reconciled,73,smc_r0.3,not_applicable,endpoint_itt
reconciled,clinician_preferred,no_kalapatapu,aggregate,reml_hksj,reconciled,74,smc_r0.3,not_applicable,endpoint_itt
reconciled,self_preferred,no_kalapatapu,aggregate,reml_hksj,reconciled,75,smc_r0.3,not_applicable,endpoint_itt
reconciled,primary,all_14,aggregate,pm_hksj,reconciled,76,smc_r0.3,not_applicable,endpoint_itt
reconciled,clinician_preferred,all_14,aggregate,pm_hksj,reconciled,77,smc_r0.3,not_applicable,endpoint_itt
reconciled,self_preferred,all_14,aggregate,pm_hksj,reconciled,78,smc_r0.3,not_applicable,endpoint_itt
reconciled,primary,no_choi,aggregate,pm_hksj,reconciled,79,smc_r0.3,not_applicable,endpoint_itt
reconciled,clinician_preferred,no_choi,aggregate,pm_hksj,reconciled,80,smc_r0.3,not_applicable,endpoint_itt
reconciled,self_preferred,no_choi,aggregate,pm_hksj,reconciled,81,smc_r0.3,not_applicable,endpoint_itt
reconciled,primary,no_moodgym,aggregate,pm_hksj,reconciled,82,smc_r0.3,not_applicable,endpoint_itt
reconciled,clinician_preferred,no_moodgym,aggregate,pm_hksj,reconciled,83,smc_r0.3,not_applicable,endpoint_itt
reconciled,self_preferred,no_moodgym,aggregate,pm_hksj,reconciled,84,smc_r0.3,not_applicable,endpoint_itt
reconciled,primary,no_small_arms,aggregate,pm_hksj,reconciled,85,smc_r0.3,not_applicable,endpoint_itt
reconciled,clinician_preferred,no_small_arms,aggregate,pm_hksj,reconciled,86,smc_r0.3,not_applicable,endpoint_itt
reconciled,self_preferred,no_small_arms,aggregate,pm_hksj,reconciled,87,smc_r0.3,not_applicable,endpoint_itt
reconciled,primary,no_kalapatapu,aggregate,pm_hksj,reconciled,88,smc_r0.3,not_applicable,endpoint_itt
reconciled,clinician_preferred,no_kalapatapu,aggregate,pm_hksj,reconciled,89,smc_r0.3,not_applicable,endpoint_itt
reconciled,self_preferred,no_kalapatapu,aggregate,pm_hksj,reconciled,90,smc_r0.3,not_applicable,endpoint_itt
reconciled,total_wf_2,all_14,modeled,three-level,reconciled,91,smc_r0.3,not_applicable,endpoint_itt
reconciled,total_wf_2,no_choi,modeled,three-level,reconciled,92,smc_r0.3,not_applicable,endpoint_itt
reconciled,total_wf_2,no_moodgym,modeled,three-level,reconciled,93,smc_r0.3,not_applicable,endpoint_itt
reconciled,total_wf_2,no_small_arms,modeled,three-level,reconciled,94,smc_r0.3,not_applicable,endpoint_itt
reconciled,total_wf_2,no_kalapatapu,modeled,three-level,reconciled,95,smc_r0.3,not_applicable,endpoint_itt
reconciled,total_wf_2,all_14,modeled,rve,reconciled,96,smc_r0.3,not_applicable,endpoint_itt
reconciled,total_wf_2,no_choi,modeled,rve,reconciled,97,smc_r0.3,not_applicable,endpoint_itt
reconciled,total_wf_2,no_moodgym,modeled,rve,reconciled,98,smc_r0.3,not_applicable,endpoint_itt
reconciled,total_wf_2,no_small_arms,modeled,rve,reconciled,99,smc_r0.3,not_applicable,endpoint_itt
reconciled,total_wf_2,no_kalapatapu,modeled,rve,reconciled,100,smc_r0.3,not_applicable,endpoint_itt
reconciled,primary,all_14,aggregate,dl,reconciled,1,smc_r0.3,not_applicable,week8_completer
reconciled,clinician_preferred,all_14,aggregate,dl,reconciled,2,smc_r0.3,not_applicable,week8_completer
reconciled,self_preferred,all_14,aggregate,dl,reconciled,3,smc_r0.3,not_applicable,week8_completer
reconciled,primary,no_choi,aggregate,dl,reconciled,4,smc_r0.3,not_applicable,week8_completer
reconciled,clinician_preferred,no_choi,aggregate,dl,reconciled,5,smc_r0.3,not_applicable,week8_completer
reconciled,self_preferred,no_choi,aggregate,dl,reconciled,6,smc_r0.3,not_applicable,week8_completer
reconciled,primary,no_moodgym,aggregate,dl,reconciled,7,smc_r0.3,not_applicable,week8_completer
reconciled,clinician_preferred,no_moodgym,aggregate,dl,reconciled,8,smc_r0.3,not_applicable,week8_completer
reconciled,self_preferred,no_moodgym,aggregate,dl,reconciled,9,smc_r0.3,not_applicable,week8_completer
reconciled,primary,no_small_arms,aggregate,dl,reconciled,10,smc_r0.3,not_applicable,week8_completer
reconciled,clinician_preferred,no_small_arms,aggregate,dl,reconciled,11,smc_r0.3,not_applicable,week8_completer
reconciled,self_preferred,no_small_arms,aggregate,dl,reconciled,12,smc_r0.3,not_applicable,week8_completer
reconciled,primary,no_kalapatapu,aggregate,dl,reconciled,13,smc_r0.3,not_applicable,week8_completer
reconciled,clinician_preferred,no_kalapatapu,aggregate,dl,reconciled,14,smc_r0.3,not_applicable,week8_completer
reconciled,self_preferred,no_kalapatapu,aggregate,dl,reconciled,15,smc_r0.3,not_applicable,week8_completer
reconciled,primary,all_14,aggregate,reml,reconciled,16,smc_r0.3,not_applicable,week8_completer
reconciled,clinician_preferred,all_14,aggregate,reml,reconciled,17,smc_r0.3,not_applicable,week8_completer
reconciled,self_preferred,all_14,aggregate,reml,reconciled,18,smc_r0.3,not_applicable,week8_completer
reconciled,primary,no_choi,aggregate,reml,reconciled,19,smc_r0.3,not_applicable,week8_completer
reconciled,clinician_preferred,no_choi,aggregate,reml,reconciled,20,smc_r0.3,not_applicable,week8_completer
reconciled,self_preferred,no_choi,aggregate,reml,reconciled,21,smc_r0.3,not_applicable,week8_completer
reconciled,primary,no_moodgym,aggregate,reml,reconciled,22,smc_r0.3,not_applicable,week8_completer
reconciled,clinician_preferred,no_moodgym,aggregate,reml,reconciled,23,smc_r0.3,not_applicable,week8_completer
reconciled,self_preferred,no_moodgym,aggregate,reml,reconciled,24,smc_r0.3,not_applicable,week8_completer
reconciled,primary,no_small_arms,aggregate,reml,reconciled,25,smc_r0.3,not_applicable,week8_completer
reconciled,clinician_preferred,no_small_arms,aggregate,reml,reconciled,26,smc_r0.3,not_applicable,week8_completer
reconciled,self_preferred,no_small_arms,aggregate,reml,reconciled,27,smc_r0.3,not_applicable,week8_completer
reconciled,primary,no_kalapatapu,aggregate,reml,reconciled,28,smc_r0.3,not_applicable,week8_completer
reconciled,clinician_preferred,no_kalapatapu,aggregate,reml,reconciled,29,smc_r0.3,not_applicable,week8_completer
reconciled,self_preferred,no_kalapatapu,aggregate,reml,reconciled,30,smc_r0.3,not_applicable,week8_completer
reconciled,primary,all_14,aggregate,pm,reconciled,31,smc_r0.3,not_applicable,week8_completer
reconciled,clinician_preferred,all_14,aggregate,pm,reconciled,32,smc_r0.3,not_applicable,week8_completer
reconciled,self_preferred,all_14,aggregate,pm,reconciled,33,smc_r0.3,not_applicable,week8_completer
reconciled,primary,no_choi,aggregate,pm,reconciled,34,smc_r0.3,not_applicable,week8_completer
reconciled,clinician_preferred,no_choi,aggregate,pm,reconciled,35,smc_r0.3,not_applicable,week8_completer
reconciled,self_preferred,no_choi,aggregate,pm,reconciled,36,smc_r0.3,not_applicable,week8_completer
reconciled,primary,no_moodgym,aggregate,pm,reconciled,37,smc_r0.3,not_applicable,week8_completer
reconciled,clinician_preferred,no_moodgym,aggregate,pm,reconciled,38,smc_r0.3,not_applicable,week8_completer
reconciled,self_preferred,no_moodgym,aggregate,pm,reconciled,39,smc_r0.3,not_applicable,week8_completer
reconciled,primary,no_small_arms,aggregate,pm,reconciled,40,smc_r0.3,not_applicable,week8_completer
reconciled,clinician_preferred,no_small_arms,aggregate,pm,reconciled,41,smc_r0.3,not_applicable,week8_completer
reconciled,self_preferred,no_small_arms,aggregate,pm,reconciled,42,smc_r0.3,not_applicable,week8_completer
reconciled,primary,no_kalapatapu,aggregate,pm,reconciled,43,smc_r0.3,not_applicable,week8_completer
reconciled,clinician_preferred,no_kalapatapu,aggregate,pm,reconciled,44,smc_r0.3,not_applicable,week8_completer
reconciled,self_preferred,no_kalapatapu,aggregate,pm,reconciled,45,smc_r0.3,not_applicable,week8_completer
reconciled,primary,all_14,aggregate,dl_hksj,reconciled,46,smc_r0.3,not_applicable,week8_completer
reconciled,clinician_preferred,all_14,aggregate,dl_hksj,reconciled,47,smc_r0.3,not_applicable,week8_completer
reconciled,self_preferred,all_14,aggregate,dl_hksj,reconciled,48,smc_r0.3,not_applicable,week8_completer
reconciled,primary,no_choi,aggregate,dl_hksj,reconciled,49,smc_r0.3,not_applicable,week8_completer
reconciled,clinician_preferred,no_choi,aggregate,dl_hksj,reconciled,50,smc_r0.3,not_applicable,week8_completer
reconciled,self_preferred,no_choi,aggregate,dl_hksj,reconciled,51,smc_r0.3,not_applicable,week8_completer
reconciled,primary,no_moodgym,aggregate,dl_hksj,reconciled,52,smc_r0.3,not_applicable,week8_completer
reconciled,clinician_preferred,no_moodgym,aggregate,dl_hksj,reconciled,53,smc_r0.3,not_applicable,week8_completer
reconciled,self_preferred,no_moodgym,aggregate,dl_hksj,reconciled,54,smc_r0.3,not_applicable,week8_completer
reconciled,primary,no_small_arms,aggregate,dl_hksj,reconciled,55,smc_r0.3,not_applicable,week8_completer
reconciled,clinician_preferred,no_small_arms,aggregate,dl_hksj,reconciled,56,smc_r0.3,not_applicable,week8_completer
reconciled,self_preferred,no_small_arms,aggregate,dl_hksj,reconciled,57,smc_r0.3,not_applicable,week8_completer
reconciled,primary,no_kalapatapu,aggregate,dl_hksj,reconciled,58,smc_r0.3,not_applicable,week8_completer
reconciled,clinician_preferred,no_kalapatapu,aggregate,dl_hksj,reconciled,59,smc_r0.3,not_applicable,week8_completer
reconciled,self_preferred,no_kalapatapu,aggregate,dl_hksj,reconciled,60,smc_r0.3,not_applicable,week8_completer
reconciled,primary,all_14,aggregate,reml_hksj,reconciled,61,smc_r0.3,not_applicable,week8_completer
reconciled,clinician_preferred,all_14,aggregate,reml_hksj,reconciled,62,smc_r0.3,not_applicable,week8_completer
reconciled,self_preferred,all_14,aggregate,reml_hksj,reconciled,63,smc_r0.3,not_applicable,week8_completer
reconciled,primary,no_choi,aggregate,reml_hksj,reconciled,64,smc_r0.3,not_applicable,week8_completer
reconciled,clinician_preferred,no_choi,aggregate,reml_hksj,reconciled,65,smc_r0.3,not_applicable,week8_completer
reconciled,self_preferred,no_choi,aggregate,reml_hksj,reconciled,66,smc_r0.3,not_applicable,week8_completer
reconciled,primary,no_moodgym,aggregate,reml_hksj,reconciled,67,smc_r0.3,not_applicable,week8_completer
reconciled,clinician_preferred,no_moodgym,aggregate,reml_hksj,reconciled,68,smc_r0.3,not_applicable,week8_completer
reconciled,self_preferred,no_moodgym,aggregate,reml_hksj,reconciled,69,smc_r0.3,not_applicable,week8_completer
reconciled,primary,no_small_arms,aggregate,reml_hksj,reconciled,70,smc_r0.3,not_applicable,week8_completer
reconciled,clinician_preferred,no_small_arms,aggregate,reml_hksj,reconciled,71,smc_r0.3,not_applicable,week8_completer
reconciled,self_preferred,no_small_arms,aggregate,reml_hksj,reconciled,72,smc_r0.3,not_applicable,week8_completer
reconciled,primary,no_kalapatapu,aggregate,reml_hksj,reconciled,73,smc_r0.3,not_applicable,week8_completer
reconciled,clinician_preferred,no_kalapatapu,aggregate,reml_hksj,reconciled,74,smc_r0.3,not_applicable,week8_completer
reconciled,self_preferred,no_kalapatapu,aggregate,reml_hksj,reconciled,75,smc_r0.3,not_applicable,week8_completer
reconciled,primary,all_14,aggregate,pm_hksj,reconciled,76,smc_r0.3,not_applicable,week8_completer
reconciled,clinician_preferred,all_14,aggregate,pm_hksj,reconciled,77,smc_r0.3,not_applicable,week8_completer
reconciled,self_preferred,all_14,aggregate,pm_hksj,reconciled,78,smc_r0.3,not_applicable,week8_completer
reconciled,primary,no_choi,aggregate,pm_hksj,reconciled,79,smc_r0.3,not_applicable,week8_completer
reconciled,clinician_preferred,no_choi,aggregate,pm_hksj,reconciled,80,smc_r0.3,not_applicable,week8_completer
reconciled,self_preferred,no_choi,aggregate,pm_hksj,reconciled,81,smc_r0.3,not_applicable,week8_completer
reconciled,primary,no_moodgym,aggregate,pm_hksj,reconciled,82,smc_r0.3,not_applicable,week8_completer
reconciled,clinician_preferred,no_moodgym,aggregate,pm_hksj,reconciled,83,smc_r0.3,not_applicable,week8_completer
reconciled,self_preferred,no_moodgym,aggregate,pm_hksj,reconciled,84,smc_r0.3,not_applicable,week8_completer
reconciled,primary,no_small_arms,aggregate,pm_hksj,reconciled,85,smc_r0.3,not_applicable,week8_completer
reconciled,clinician_preferred,no_small_arms,aggregate,pm_hksj,reconciled,86,smc_r0.3,not_applicable,week8_completer
reconciled,self_preferred,no_small_arms,aggregate,pm_hksj,reconciled,87,smc_r0.3,not_applicable,week8_completer
reconciled,primary,no_kalapatapu,aggregate,pm_hksj,reconciled,88,smc_r0.3,not_applicable,week8_completer
reconciled,clinician_preferred,no_kalapatapu,aggregate,pm_hksj,reconciled,89,smc_r0.3,not_applicable,week8_completer
reconciled,self_preferred,no_kalapatapu,aggregate,pm_hksj,reconciled,90,smc_r0.3,not_applicable,week8_completer
reconciled,total_wf_2,all_14,modeled,three-level,reconciled,91,smc_r0.3,not_applicable,week8_completer
reconciled,total_wf_2,no_choi,modeled,three-level,reconciled,92,smc_r0.3,not_applicable,week8_completer
reconciled,total_wf_2,no_moodgym,modeled,three-level,reconciled,93,smc_r0.3,not_applicable,week8_completer
reconciled,total_wf_2,no_small_arms,modeled,three-level,reconciled,94,smc_r0.3,not_applicable,week8_completer
reconciled,total_wf_2,no_kalapatapu,modeled,three-level,reconciled,95,smc_r0.3,not_applicable,week8_completer
reconciled,total_wf_2,all_14,modeled,rve,reconciled,96,smc_r0.3,not_applicable,week8_completer
reconciled,total_wf_2,no_choi,modeled,rve,reconciled,97,smc_r0.3,not_applicable,week8_completer
reconciled,total_wf_2,no_moodgym,modeled,rve,reconciled,98,smc_r0.3,not_applicable,week8_completer
reconciled,total_wf_2,no_small_arms,modeled,rve,reconciled,99,smc_r0.3,not_applicable,week8_completer
reconciled,total_wf_2,no_kalapatapu,modeled,rve,reconciled,100,smc_r0.3,not_applicable,week8_completer
reconciled,primary,all_14,aggregate,dl,reconciled,1,smc_r0.5,not_applicable,endpoint_itt
reconciled,clinician_preferred,all_14,aggregate,dl,reconciled,2,smc_r0.5,not_applicable,endpoint_itt
reconciled,self_preferred,all_14,aggregate,dl,reconciled,3,smc_r0.5,not_applicable,endpoint_itt
reconciled,primary,no_choi,aggregate,dl,reconciled,4,smc_r0.5,not_applicable,endpoint_itt
reconciled,clinician_preferred,no_choi,aggregate,dl,reconciled,5,smc_r0.5,not_applicable,endpoint_itt
reconciled,self_preferred,no_choi,aggregate,dl,reconciled,6,smc_r0.5,not_applicable,endpoint_itt
reconciled,primary,no_moodgym,aggregate,dl,reconciled,7,smc_r0.5,not_applicable,endpoint_itt
reconciled,clinician_preferred,no_moodgym,aggregate,dl,reconciled,8,smc_r0.5,not_applicable,endpoint_itt
reconciled,self_preferred,no_moodgym,aggregate,dl,reconciled,9,smc_r0.5,not_applicable,endpoint_itt
reconciled,primary,no_small_arms,aggregate,dl,reconciled,10,smc_r0.5,not_applicable,endpoint_itt
reconciled,clinician_preferred,no_small_arms,aggregate,dl,reconciled,11,smc_r0.5,not_applicable,endpoint_itt
reconciled,self_preferred,no_small_arms,aggregate,dl,reconciled,12,smc_r0.5,not_applicable,endpoint_itt
reconciled,primary,no_kalapatapu,aggregate,dl,reconciled,13,smc_r0.5,not_applicable,endpoint_itt
reconciled,clinician_preferred,no_kalapatapu,aggregate,dl,reconciled,14,smc_r0.5,not_applicable,endpoint_itt
reconciled,self_preferred,no_kalapatapu,aggregate,dl,reconciled,15,smc_r0.5,not_applicable,endpoint_itt
reconciled,primary,all_14,aggregate,reml,reconciled,16,smc_r0.5,not_applicable,endpoint_itt
reconciled,clinician_preferred,all_14,aggregate,reml,reconciled,17,smc_r0.5,not_applicable,endpoint_itt
reconciled,self_preferred,all_14,aggregate,reml,reconciled,18,smc_r0.5,not_applicable,endpoint_itt
reconciled,primary,no_choi,aggregate,reml,reconciled,19,smc_r0.5,not_applicable,endpoint_itt
reconciled,clinician_preferred,no_choi,aggregate,reml,reconciled,20,smc_r0.5,not_applicable,endpoint_itt
reconciled,self_preferred,no_choi,aggregate,reml,reconciled,21,smc_r0.5,not_applicable,endpoint_itt
reconciled,primary,no_moodgym,aggregate,reml,reconciled,22,smc_r0.5,not_applicable,endpoint_itt
reconciled,clinician_preferred,no_moodgym,aggregate,reml,reconciled,23,smc_r0.5,not_applicable,endpoint_itt
reconciled,self_preferred,no_moodgym,aggregate,reml,reconciled,24,smc_r0.5,not_applicable,endpoint_itt
reconciled,primary,no_small_arms,aggregate,reml,reconciled,25,smc_r0.5,not_applicable,endpoint_itt
reconciled,clinician_preferred,no_small_arms,aggregate,reml,reconciled,26,smc_r0.5,not_applicable,endpoint_itt
reconciled,self_preferred,no_small_arms,aggregate,reml,reconciled,27,smc_r0.5,not_applicable,endpoint_itt
reconciled,primary,no_kalapatapu,aggregate,reml,reconciled,28,smc_r0.5,not_applicable,endpoint_itt
reconciled,clinician_preferred,no_kalapatapu,aggregate,reml,reconciled,29,smc_r0.5,not_applicable,endpoint_itt
reconciled,self_preferred,no_kalapatapu,aggregate,reml,reconciled,30,smc_r0.5,not_applicable,endpoint_itt
reconciled,primary,all_14,aggregate,pm,reconciled,31,smc_r0.5,not_applicable,endpoint_itt
reconciled,clinician_preferred,all_14,aggregate,pm,reconciled,32,smc_r0.5,not_applicable,endpoint_itt
reconciled,self_preferred,all_14,aggregate,pm,reconciled,33,smc_r0.5,not_applicable,endpoint_itt
reconciled,primary,no_choi,aggregate,pm,reconciled,34,smc_r0.5,not_applicable,endpoint_itt
reconciled,clinician_preferred,no_choi,aggregate,pm,reconciled,35,smc_r0.5,not_applicable,endpoint_itt
reconciled,self_preferred,no_choi,aggregate,pm,reconciled,36,smc_r0.5,not_applicable,endpoint_itt
reconciled,primary,no_moodgym,aggregate,pm,reconciled,37,smc_r0.5,not_applicable,endpoint_itt
reconciled,clinician_preferred,no_moodgym,aggregate,pm,reconciled,38,smc_r0.5,not_applicable,endpoint_itt
reconciled,self_preferred,no_moodgym,aggregate,pm,reconciled,39,smc_r0.5,not_applicable,endpoint_itt
reconciled,primary,no_small_arms,aggregate,pm,reconciled,40,smc_r0.5,not_applicable,endpoint_itt
reconciled,clinician_preferred,no_small_arms,aggregate,pm,reconciled,41,smc_r0.5,not_applicable,endpoint_itt
reconciled,self_preferred,no_small_arms,aggregate,pm,reconciled,42,smc_r0.5,not_applicable,endpoint_itt
reconciled,primary,no_kalapatapu,aggregate,pm,reconciled,43,smc_r0.5,not_applicable,endpoint_itt
reconciled,clinician_preferred,no_kalapatapu,aggregate,pm,reconciled,44,smc_r0.5,not_applicable,endpoint_itt
reconciled,self_preferred,no_kalapatapu,aggregate,pm,reconciled,45,smc_r0.5,not_applicable,endpoint_itt
reconciled,primary,all_14,aggregate,dl_hksj,reconciled,46,smc_r0.5,not_applicable,endpoint_itt
reconciled,clinician_preferred,all_14,aggregate,dl_hksj,reconciled,47,smc_r0.5,not_applicable,endpoint_itt
reconciled,self_preferred,all_14,aggregate,dl_hksj,reconciled,48,smc_r0.5,not_applicable,endpoint_itt
reconciled,primary,no_choi,aggregate,dl_hksj,reconciled,49,smc_r0.5,not_applicable,endpoint_itt
reconciled,clinician_preferred,no_choi,aggregate,dl_hksj,reconciled,50,smc_r0.5,not_applicable,endpoint_itt
reconciled,self_preferred,no_choi,aggregate,dl_hksj,reconciled,51,smc_r0.5,not_applicable,endpoint_itt
reconciled,primary,no_moodgym,aggregate,dl_hksj,reconciled,52,smc_r0.5,not_applicable,endpoint_itt
reconciled,clinician_preferred,no_moodgym,aggregate,dl_hksj,reconciled,53,smc_r0.5,not_applicable,endpoint_itt
reconciled,self_preferred,no_moodgym,aggregate,dl_hksj,reconciled,54,smc_r0.5,not_applicable,endpoint_itt
reconciled,primary,no_small_arms,aggregate,dl_hksj,reconciled,55,smc_r0.5,not_applicable,endpoint_itt
reconciled,clinician_preferred,no_small_arms,aggregate,dl_hksj,reconciled,56,smc_r0.5,not_applicable,endpoint_itt
reconciled,self_preferred,no_small_arms,aggregate,dl_hksj,reconciled,57,smc_r0.5,not_applicable,endpoint_itt
reconciled,primary,no_kalapatapu,aggregate,dl_hksj,reconciled,58,smc_r0.5,not_applicable,endpoint_itt
reconciled,clinician_preferred,no_kalapatapu,aggregate,dl_hksj,reconciled,59,smc_r0.5,not_applicable,endpoint_itt
reconciled,self_preferred,no_kalapatapu,aggregate,dl_hksj,reconciled,60,smc_r0.5,not_applicable,endpoint_itt
reconciled,primary,all_14,aggregate,reml_hksj,reconciled,61,smc_r0.5,not_applicable,endpoint_itt
reconciled,clinician_preferred,all_14,aggregate,reml_hksj,reconciled,62,smc_r0.5,not_applicable,endpoint_itt
reconciled,self_preferred,all_14,aggregate,reml_hksj,reconciled,63,smc_r0.5,not_applicable,endpoint_itt
reconciled,primary,no_choi,aggregate,reml_hksj,reconciled,64,smc_r0.5,not_applicable,endpoint_itt
reconciled,clinician_preferred,no_choi,aggregate,reml_hksj,reconciled,65,smc_r0.5,not_applicable,endpoint_itt
reconciled,self_preferred,no_choi,aggregate,reml_hksj,reconciled,66,smc_r0.5,not_applicable,endpoint_itt
reconciled,primary,no_moodgym,aggregate,reml_hksj,reconciled,67,smc_r0.5,not_applicable,endpoint_itt
reconciled,clinician_preferred,no_moodgym,aggregate,reml_hksj,reconciled,68,smc_r0.5,not_applicable,endpoint_itt
reconciled,self_preferred,no_moodgym,aggregate,reml_hksj,reconciled,69,smc_r0.5,not_applicable,endpoint_itt
reconciled,primary,no_small_arms,aggregate,reml_hksj,reconciled,70,smc_r0.5,not_applicable,endpoint_itt
reconciled,clinician_preferred,no_small_arms,aggregate,reml_hksj,reconciled,71,smc_r0.5,not_applicable,endpoint_itt
reconciled,self_preferred,no_small_arms,aggregate,reml_hksj,reconciled,72,smc_r0.5,not_applicable,endpoint_itt
reconciled,primary,no_kalapatapu,aggregate,reml_hksj,reconciled,73,smc_r0.5,not_applicable,endpoint_itt
reconciled,clinician_preferred,no_kalapatapu,aggregate,reml_hksj,reconciled,74,smc_r0.5,not_applicable,endpoint_itt
reconciled,self_preferred,no_kalapatapu,aggregate,reml_hksj,reconciled,75,smc_r0.5,not_applicable,endpoint_itt
reconciled,primary,all_14,aggregate,pm_hksj,reconciled,76,smc_r0.5,not_applicable,endpoint_itt
reconciled,clinician_preferred,all_14,aggregate,pm_hksj,reconciled,77,smc_r0.5,not_applicable,endpoint_itt
reconciled,self_preferred,all_14,aggregate,pm_hksj,reconciled,78,smc_r0.5,not_applicable,endpoint_itt
reconciled,primary,no_choi,aggregate,pm_hksj,reconciled,79,smc_r0.5,not_applicable,endpoint_itt
reconciled,clinician_preferred,no_choi,aggregate,pm_hksj,reconciled,80,smc_r0.5,not_applicable,endpoint_itt
reconciled,self_preferred,no_choi,aggregate,pm_hksj,reconciled,81,smc_r0.5,not_applicable,endpoint_itt
reconciled,primary,no_moodgym,aggregate,pm_hksj,reconciled,82,smc_r0.5,not_applicable,endpoint_itt
reconciled,clinician_preferred,no_moodgym,aggregate,pm_hksj,reconciled,83,smc_r0.5,not_applicable,endpoint_itt
reconciled,self_preferred,no_moodgym,aggregate,pm_hksj,reconciled,84,smc_r0.5,not_applicable,endpoint_itt
reconciled,primary,no_small_arms,aggregate,pm_hksj,reconciled,85,smc_r0.5,not_applicable,endpoint_itt
reconciled,clinician_preferred,no_small_arms,aggregate,pm_hksj,reconciled,86,smc_r0.5,not_applicable,endpoint_itt
reconciled,self_preferred,no_small_arms,aggregate,pm_hksj,reconciled,87,smc_r0.5,not_applicable,endpoint_itt
reconciled,primary,no_kalapatapu,aggregate,pm_hksj,reconciled,88,smc_r0.5,not_applicable,endpoint_itt
reconciled,clinician_preferred,no_kalapatapu,aggregate,pm_hksj,reconciled,89,smc_r0.5,not_applicable,endpoint_itt
reconciled,self_preferred,no_kalapatapu,aggregate,pm_hksj,reconciled,90,smc_r0.5,not_applicable,endpoint_itt
reconciled,total_wf_2,all_14,modeled,three-level,reconciled,91,smc_r0.5,not_applicable,endpoint_itt
reconciled,total_wf_2,no_choi,modeled,three-level,reconciled,92,smc_r0.5,not_applicable,endpoint_itt
reconciled,total_wf_2,no_moodgym,modeled,three-level,reconciled,93,smc_r0.5,not_applicable,endpoint_itt
reconciled,total_wf_2,no_small_arms,modeled,three-level,reconciled,94,smc_r0.5,not_applicable,endpoint_itt
reconciled,total_wf_2,no_kalapatapu,modeled,three-level,reconciled,95,smc_r0.5,not_applicable,endpoint_itt
reconciled,total_wf_2,all_14,modeled,rve,reconciled,96,smc_r0.5,not_applicable,endpoint_itt
reconciled,total_wf_2,no_choi,modeled,rve,reconciled,97,smc_r0.5,not_applicable,endpoint_itt
reconciled,total_wf_2,no_moodgym,modeled,rve,reconciled,98,smc_r0.5,not_applicable,endpoint_itt
reconciled,total_wf_2,no_small_arms,modeled,rve,reconciled,99,smc_r0.5,not_applicable,endpoint_itt
reconciled,total_wf_2,no_kalapatapu,modeled,rve,reconciled,100,smc_r0.5,not_applicable,endpoint_itt
reconciled,primary,all_14,aggregate,dl,reconciled,1,smc_r0.5,not_applicable,week8_completer
reconciled,clinician_preferred,all_14,aggregate,dl,reconciled,2,smc_r0.5,not_applicable,week8_completer
reconciled,self_preferred,all_14,aggregate,dl,reconciled,3,smc_r0.5,not_applicable,week8_completer
reconciled,primary,no_choi,aggregate,dl,reconciled,4,smc_r0.5,not_applicable,week8_completer
reconciled,clinician_preferred,no_choi,aggregate,dl,reconciled,5,smc_r0.5,not_applicable,week8_completer
reconciled,self_preferred,no_choi,aggregate,dl,reconciled,6,smc_r0.5,not_applicable,week8_completer
reconciled,primary,no_moodgym,aggregate,dl,reconciled,7,smc_r0.5,not_applicable,week8_completer
reconciled,clinician_preferred,no_moodgym,aggregate,dl,reconciled,8,smc_r0.5,not_applicable,week8_completer
reconciled,self_preferred,no_moodgym,aggregate,dl,reconciled,9,smc_r0.5,not_applicable,week8_completer
reconciled,primary,no_small_arms,aggregate,dl,reconciled,10,smc_r0.5,not_applicable,week8_completer
reconciled,clinician_preferred,no_small_arms,aggregate,dl,reconciled,11,smc_r0.5,not_applicable,week8_completer
reconciled,self_preferred,no_small_arms,aggregate,dl,reconciled,12,smc_r0.5,not_applicable,week8_completer
reconciled,primary,no_kalapatapu,aggregate,dl,reconciled,13,smc_r0.5,not_applicable,week8_completer
reconciled,clinician_preferred,no_kalapatapu,aggregate,dl,reconciled,14,smc_r0.5,not_applicable,week8_completer
reconciled,self_preferred,no_kalapatapu,aggregate,dl,reconciled,15,smc_r0.5,not_applicable,week8_completer
reconciled,primary,all_14,aggregate,reml,reconciled,16,smc_r0.5,not_applicable,week8_completer
reconciled,clinician_preferred,all_14,aggregate,reml,reconciled,17,smc_r0.5,not_applicable,week8_completer
reconciled,self_preferred,all_14,aggregate,reml,reconciled,18,smc_r0.5,not_applicable,week8_completer
reconciled,primary,no_choi,aggregate,reml,reconciled,19,smc_r0.5,not_applicable,week8_completer
reconciled,clinician_preferred,no_choi,aggregate,reml,reconciled,20,smc_r0.5,not_applicable,week8_completer
reconciled,self_preferred,no_choi,aggregate,reml,reconciled,21,smc_r0.5,not_applicable,week8_completer
reconciled,primary,no_moodgym,aggregate,reml,reconciled,22,smc_r0.5,not_applicable,week8_completer
reconciled,clinician_preferred,no_moodgym,aggregate,reml,reconciled,23,smc_r0.5,not_applicable,week8_completer
reconciled,self_preferred,no_moodgym,aggregate,reml,reconciled,24,smc_r0.5,not_applicable,week8_completer
reconciled,primary,no_small_arms,aggregate,reml,reconciled,25,smc_r0.5,not_applicable,week8_completer
reconciled,clinician_preferred,no_small_arms,aggregate,reml,reconciled,26,smc_r0.5,not_applicable,week8_completer
reconciled,self_preferred,no_small_arms,aggregate,reml,reconciled,27,smc_r0.5,not_applicable,week8_completer
reconciled,primary,no_kalapatapu,aggregate,reml,reconciled,28,smc_r0.5,not_applicable,week8_completer
reconciled,clinician_preferred,no_kalapatapu,aggregate,reml,reconciled,29,smc_r0.5,not_applicable,week8_completer
reconciled,self_preferred,no_kalapatapu,aggregate,reml,reconciled,30,smc_r0.5,not_applicable,week8_completer
reconciled,primary,all_14,aggregate,pm,reconciled,31,smc_r0.5,not_applicable,week8_completer
reconciled,clinician_preferred,all_14,aggregate,pm,reconciled,32,smc_r0.5,not_applicable,week8_completer
reconciled,self_preferred,all_14,aggregate,pm,reconciled,33,smc_r0.5,not_applicable,week8_completer
reconciled,primary,no_choi,aggregate,pm,reconciled,34,smc_r0.5,not_applicable,week8_completer
reconciled,clinician_preferred,no_choi,aggregate,pm,reconciled,35,smc_r0.5,not_applicable,week8_completer
reconciled,self_preferred,no_choi,aggregate,pm,reconciled,36,smc_r0.5,not_applicable,week8_completer
reconciled,primary,no_moodgym,aggregate,pm,reconciled,37,smc_r0.5,not_applicable,week8_completer
reconciled,clinician_preferred,no_moodgym,aggregate,pm,reconciled,38,smc_r0.5,not_applicable,week8_completer
reconciled,self_preferred,no_moodgym,aggregate,pm,reconciled,39,smc_r0.5,not_applicable,week8_completer
reconciled,primary,no_small_arms,aggregate,pm,reconciled,40,smc_r0.5,not_applicable,week8_completer
reconciled,clinician_preferred,no_small_arms,aggregate,pm,reconciled,41,smc_r0.5,not_applicable,week8_completer
reconciled,self_preferred,no_small_arms,aggregate,pm,reconciled,42,smc_r0.5,not_applicable,week8_completer
reconciled,primary,no_kalapatapu,aggregate,pm,reconciled,43,smc_r0.5,not_applicable,week8_completer
reconciled,clinician_preferred,no_kalapatapu,aggregate,pm,reconciled,44,smc_r0.5,not_applicable,week8_completer
reconciled,self_preferred,no_kalapatapu,aggregate,pm,reconciled,45,smc_r0.5,not_applicable,week8_completer
reconciled,primary,all_14,aggregate,dl_hksj,reconciled,46,smc_r0.5,not_applicable,week8_completer
reconciled,clinician_preferred,all_14,aggregate,dl_hksj,reconciled,47,smc_r0.5,not_applicable,week8_completer
reconciled,self_preferred,all_14,aggregate,dl_hksj,reconciled,48,smc_r0.5,not_applicable,week8_completer
reconciled,primary,no_choi,aggregate,dl_hksj,reconciled,49,smc_r0.5,not_applicable,week8_completer
reconciled,clinician_preferred,no_choi,aggregate,dl_hksj,reconciled,50,smc_r0.5,not_applicable,week8_completer
reconciled,self_preferred,no_choi,aggregate,dl_hksj,reconciled,51,smc_r0.5,not_applicable,week8_completer
reconciled,primary,no_moodgym,aggregate,dl_hksj,reconciled,52,smc_r0.5,not_applicable,week8_completer
reconciled,clinician_preferred,no_moodgym,aggregate,dl_hksj,reconciled,53,smc_r0.5,not_applicable,week8_completer
reconciled,self_preferred,no_moodgym,aggregate,dl_hksj,reconciled,54,smc_r0.5,not_applicable,week8_completer
reconciled,primary,no_small_arms,aggregate,dl_hksj,reconciled,55,smc_r0.5,not_applicable,week8_completer
reconciled,clinician_preferred,no_small_arms,aggregate,dl_hksj,reconciled,56,smc_r0.5,not_applicable,week8_completer
reconciled,self_preferred,no_small_arms,aggregate,dl_hksj,reconciled,57,smc_r0.5,not_applicable,week8_completer
reconciled,primary,no_kalapatapu,aggregate,dl_hksj,reconciled,58,smc_r0.5,not_applicable,week8_completer
reconciled,clinician_preferred,no_kalapatapu,aggregate,dl_hksj,reconciled,59,smc_r0.5,not_applicable,week8_completer
reconciled,self_preferred,no_kalapatapu,aggregate,dl_hksj,reconciled,60,smc_r0.5,not_applicable,week8_completer
reconciled,primary,all_14,aggregate,reml_hksj,reconciled,61,smc_r0.5,not_applicable,week8_completer
reconciled,clinician_preferred,all_14,aggregate,reml_hksj,reconciled,62,smc_r0.5,not_applicable,week8_completer
reconciled,self_preferred,all_14,aggregate,reml_hksj,reconciled,63,smc_r0.5,not_applicable,week8_completer
reconciled,primary,no_choi,aggregate,reml_hksj,reconciled,64,smc_r0.5,not_applicable,week8_completer
reconciled,clinician_preferred,no_choi,aggregate,reml_hksj,reconciled,65,smc_r0.5,not_applicable,week8_completer
reconciled,self_preferred,no_choi,aggregate,reml_hksj,reconciled,66,smc_r0.5,not_applicable,week8_completer
reconciled,primary,no_moodgym,aggregate,reml_hksj,reconciled,67,smc_r0.5,not_applicable,week8_completer
reconciled,clinician_preferred,no_moodgym,aggregate,reml_hksj,reconciled,68,smc_r0.5,not_applicable,week8_completer
reconciled,self_preferred,no_moodgym,aggregate,reml_hksj,reconciled,69,smc_r0.5,not_applicable,week8_completer
reconciled,primary,no_small_arms,aggregate,reml_hksj,reconciled,70,smc_r0.5,not_applicable,week8_completer
reconciled,clinician_preferred,no_small_arms,aggregate,reml_hksj,reconciled,71,smc_r0.5,not_applicable,week8_completer
reconciled,self_preferred,no_small_arms,aggregate,reml_hksj,reconciled,72,smc_r0.5,not_applicable,week8_completer
reconciled,primary,no_kalapatapu,aggregate,reml_hksj,reconciled,73,smc_r0.5,not_applicable,week8_completer
reconciled,clinician_preferred,no_kalapatapu,aggregate,reml_hksj,reconciled,74,smc_r0.5,not_applicable,week8_completer
reconciled,self_preferred,no_kalapatapu,aggregate,reml_hksj,reconciled,75,smc_r0.5,not_applicable,week8_completer
reconciled,primary,all_14,aggregate,pm_hksj,reconciled,76,smc_r0.5,not_applicable,week8_completer
reconciled,clinician_preferred,all_14,aggregate,pm_hksj,reconciled,77,smc_r0.5,not_applicable,week8_completer
reconciled,self_preferred,all_14,aggregate,pm_hksj,reconciled,78,smc_r0.5,not_applicable,week8_completer
reconciled,primary,no_choi,aggregate,pm_hksj,reconciled,79,smc_r0.5,not_applicable,week8_completer
reconciled,clinician_preferred,no_choi,aggregate,pm_hksj,reconciled,80,smc_r0.5,not_applicable,week8_completer
reconciled,self_preferred,no_choi,aggregate,pm_hksj,reconciled,81,smc_r0.5,not_applicable,week8_completer
reconciled,primary,no_moodgym,aggregate,pm_hksj,reconciled,82,smc_r0.5,not_applicable,week8_completer
reconciled,clinician_preferred,no_moodgym,aggregate,pm_hksj,reconciled,83,smc_r0.5,not_applicable,week8_completer
reconciled,self_preferred,no_moodgym,aggregate,pm_hksj,reconciled,84,smc_r0.5,not_applicable,week8_completer
reconciled,primary,no_small_arms,aggregate,pm_hksj,reconciled,85,smc_r0.5,not_applicable,week8_completer
reconciled,clinician_preferred,no_small_arms,aggregate,pm_hksj,reconciled,86,smc_r0.5,not_applicable,week8_completer
reconciled,self_preferred,no_small_arms,aggregate,pm_hksj,reconciled,87,smc_r0.5,not_applicable,week8_completer
reconciled,primary,no_kalapatapu,aggregate,pm_hksj,reconciled,88,smc_r0.5,not_applicable,week8_completer
reconciled,clinician_preferred,no_kalapatapu,aggregate,pm_hksj,reconciled,89,smc_r0.5,not_applicable,week8_completer
reconciled,self_preferred,no_kalapatapu,aggregate,pm_hksj,reconciled,90,smc_r0.5,not_applicable,week8_completer
reconciled,total_wf_2,all_14,modeled,three-level,reconciled,91,smc_r0.5,not_applicable,week8_completer
reconciled,total_wf_2,no_choi,modeled,three-level,reconciled,92,smc_r0.5,not_applicable,week8_completer
reconciled,total_wf_2,no_moodgym,modeled,three-level,reconciled,93,smc_r0.5,not_applicable,week8_completer
reconciled,total_wf_2,no_small_arms,modeled,three-level,reconciled,94,smc_r0.5,not_applicable,week8_completer
reconciled,total_wf_2,no_kalapatapu,modeled,three-level,reconciled,95,smc_r0.5,not_applicable,week8_completer
reconciled,total_wf_2,all_14,modeled,rve,reconciled,96,smc_r0.5,not_applicable,week8_completer
reconciled,total_wf_2,no_choi,modeled,rve,reconciled,97,smc_r0.5,not_applicable,week8_completer
reconciled,total_wf_2,no_moodgym,modeled,rve,reconciled,98,smc_r0.5,not_applicable,week8_completer
reconciled,total_wf_2,no_small_arms,modeled,rve,reconciled,99,smc_r0.5,not_applicable,week8_completer
reconciled,total_wf_2,no_kalapatapu,modeled,rve,reconciled,100,smc_r0.5,not_applicable,week8_completer
reconciled,primary,all_14,aggregate,dl,reconciled,1,smc_r0.7,not_applicable,endpoint_itt
reconciled,clinician_preferred,all_14,aggregate,dl,reconciled,2,smc_r0.7,not_applicable,endpoint_itt
reconciled,self_preferred,all_14,aggregate,dl,reconciled,3,smc_r0.7,not_applicable,endpoint_itt
reconciled,primary,no_choi,aggregate,dl,reconciled,4,smc_r0.7,not_applicable,endpoint_itt
reconciled,clinician_preferred,no_choi,aggregate,dl,reconciled,5,smc_r0.7,not_applicable,endpoint_itt
reconciled,self_preferred,no_choi,aggregate,dl,reconciled,6,smc_r0.7,not_applicable,endpoint_itt
reconciled,primary,no_moodgym,aggregate,dl,reconciled,7,smc_r0.7,not_applicable,endpoint_itt
reconciled,clinician_preferred,no_moodgym,aggregate,dl,reconciled,8,smc_r0.7,not_applicable,endpoint_itt
reconciled,self_preferred,no_moodgym,aggregate,dl,reconciled,9,smc_r0.7,not_applicable,endpoint_itt
reconciled,primary,no_small_arms,aggregate,dl,reconciled,10,smc_r0.7,not_applicable,endpoint_itt
reconciled,clinician_preferred,no_small_arms,aggregate,dl,reconciled,11,smc_r0.7,not_applicable,endpoint_itt
reconciled,self_preferred,no_small_arms,aggregate,dl,reconciled,12,smc_r0.7,not_applicable,endpoint_itt
reconciled,primary,no_kalapatapu,aggregate,dl,reconciled,13,smc_r0.7,not_applicable,endpoint_itt
reconciled,clinician_preferred,no_kalapatapu,aggregate,dl,reconciled,14,smc_r0.7,not_applicable,endpoint_itt
reconciled,self_preferred,no_kalapatapu,aggregate,dl,reconciled,15,smc_r0.7,not_applicable,endpoint_itt
reconciled,primary,all_14,aggregate,reml,reconciled,16,smc_r0.7,not_applicable,endpoint_itt
reconciled,clinician_preferred,all_14,aggregate,reml,reconciled,17,smc_r0.7,not_applicable,endpoint_itt
reconciled,self_preferred,all_14,aggregate,reml,reconciled,18,smc_r0.7,not_applicable,endpoint_itt
reconciled,primary,no_choi,aggregate,reml,reconciled,19,smc_r0.7,not_applicable,endpoint_itt
reconciled,clinician_preferred,no_choi,aggregate,reml,reconciled,20,smc_r0.7,not_applicable,endpoint_itt
reconciled,self_preferred,no_choi,aggregate,reml,reconciled,21,smc_r0.7,not_applicable,endpoint_itt
reconciled,primary,no_moodgym,aggregate,reml,reconciled,22,smc_r0.7,not_applicable,endpoint_itt
reconciled,clinician_preferred,no_moodgym,aggregate,reml,reconciled,23,smc_r0.7,not_applicable,endpoint_itt
reconciled,self_preferred,no_moodgym,aggregate,reml,reconciled,24,smc_r0.7,not_applicable,endpoint_itt
reconciled,primary,no_small_arms,aggregate,reml,reconciled,25,smc_r0.7,not_applicable,endpoint_itt
reconciled,clinician_preferred,no_small_arms,aggregate,reml,reconciled,26,smc_r0.7,not_applicable,endpoint_itt
reconciled,self_preferred,no_small_arms,aggregate,reml,reconciled,27,smc_r0.7,not_applicable,endpoint_itt
reconciled,primary,no_kalapatapu,aggregate,reml,reconciled,28,smc_r0.7,not_applicable,endpoint_itt
reconciled,clinician_preferred,no_kalapatapu,aggregate,reml,reconciled,29,smc_r0.7,not_applicable,endpoint_itt
reconciled,self_preferred,no_kalapatapu,aggregate,reml,reconciled,30,smc_r0.7,not_applicable,endpoint_itt
reconciled,primary,all_14,aggregate,pm,reconciled,31,smc_r0.7,not_applicable,endpoint_itt
reconciled,clinician_preferred,all_14,aggregate,pm,reconciled,32,smc_r0.7,not_applicable,endpoint_itt
reconciled,self_preferred,all_14,aggregate,pm,reconciled,33,smc_r0.7,not_applicable,endpoint_itt
reconciled,primary,no_choi,aggregate,pm,reconciled,34,smc_r0.7,not_applicable,endpoint_itt
reconciled,clinician_preferred,no_choi,aggregate,pm,reconciled,35,smc_r0.7,not_applicable,endpoint_itt
reconciled,self_preferred,no_choi,aggregate,pm,reconciled,36,smc_r0.7,not_applicable,endpoint_itt
reconciled,primary,no_moodgym,aggregate,pm,reconciled,37,smc_r0.7,not_applicable,endpoint_itt
reconciled,clinician_preferred,no_moodgym,aggregate,pm,reconciled,38,smc_r0.7,not_applicable,endpoint_itt
reconciled,self_preferred,no_moodgym,aggregate,pm,reconciled,39,smc_r0.7,not_applicable,endpoint_itt
reconciled,primary,no_small_arms,aggregate,pm,reconciled,40,smc_r0.7,not_applicable,endpoint_itt
reconciled,clinician_preferred,no_small_arms,aggregate,pm,reconciled,41,smc_r0.7,not_applicable,endpoint_itt
reconciled,self_preferred,no_small_arms,aggregate,pm,reconciled,42,smc_r0.7,not_applicable,endpoint_itt
reconciled,primary,no_kalapatapu,aggregate,pm,reconciled,43,smc_r0.7,not_applicable,endpoint_itt
reconciled,clinician_preferred,no_kalapatapu,aggregate,pm,reconciled,44,smc_r0.7,not_applicable,endpoint_itt
reconciled,self_preferred,no_kalapatapu,aggregate,pm,reconciled,45,smc_r0.7,not_applicable,endpoint_itt
reconciled,primary,all_14,aggregate,dl_hksj,reconciled,46,smc_r0.7,not_applicable,endpoint_itt
reconciled,clinician_preferred,all_14,aggregate,dl_hksj,reconciled,47,smc_r0.7,not_applicable,endpoint_itt
reconciled,self_preferred,all_14,aggregate,dl_hksj,reconciled,48,smc_r0.7,not_applicable,endpoint_itt
reconciled,primary,no_choi,aggregate,dl_hksj,reconciled,49,smc_r0.7,not_applicable,endpoint_itt
reconciled,clinician_preferred,no_choi,aggregate,dl_hksj,reconciled,50,smc_r0.7,not_applicable,endpoint_itt
reconciled,self_preferred,no_choi,aggregate,dl_hksj,reconciled,51,smc_r0.7,not_applicable,endpoint_itt
reconciled,primary,no_moodgym,aggregate,dl_hksj,reconciled,52,smc_r0.7,not_applicable,endpoint_itt
reconciled,clinician_preferred,no_moodgym,aggregate,dl_hksj,reconciled,53,smc_r0.7,not_applicable,endpoint_itt
reconciled,self_preferred,no_moodgym,aggregate,dl_hksj,reconciled,54,smc_r0.7,not_applicable,endpoint_itt
reconciled,primary,no_small_arms,aggregate,dl_hksj,reconciled,55,smc_r0.7,not_applicable,endpoint_itt
reconciled,clinician_preferred,no_small_arms,aggregate,dl_hksj,reconciled,56,smc_r0.7,not_applicable,endpoint_itt
reconciled,self_preferred,no_small_arms,aggregate,dl_hksj,reconciled,57,smc_r0.7,not_applicable,endpoint_itt
reconciled,primary,no_kalapatapu,aggregate,dl_hksj,reconciled,58,smc_r0.7,not_applicable,endpoint_itt
reconciled,clinician_preferred,no_kalapatapu,aggregate,dl_hksj,reconciled,59,smc_r0.7,not_applicable,endpoint_itt
reconciled,self_preferred,no_kalapatapu,aggregate,dl_hksj,reconciled,60,smc_r0.7,not_applicable,endpoint_itt
reconciled,primary,all_14,aggregate,reml_hksj,reconciled,61,smc_r0.7,not_applicable,endpoint_itt
reconciled,clinician_preferred,all_14,aggregate,reml_hksj,reconciled,62,smc_r0.7,not_applicable,endpoint_itt
reconciled,self_preferred,all_14,aggregate,reml_hksj,reconciled,63,smc_r0.7,not_applicable,endpoint_itt
reconciled,primary,no_choi,aggregate,reml_hksj,reconciled,64,smc_r0.7,not_applicable,endpoint_itt
reconciled,clinician_preferred,no_choi,aggregate,reml_hksj,reconciled,65,smc_r0.7,not_applicable,endpoint_itt
reconciled,self_preferred,no_choi,aggregate,reml_hksj,reconciled,66,smc_r0.7,not_applicable,endpoint_itt
reconciled,primary,no_moodgym,aggregate,reml_hksj,reconciled,67,smc_r0.7,not_applicable,endpoint_itt
reconciled,clinician_preferred,no_moodgym,aggregate,reml_hksj,reconciled,68,smc_r0.7,not_applicable,endpoint_itt
reconciled,self_preferred,no_moodgym,aggregate,reml_hksj,reconciled,69,smc_r0.7,not_applicable,endpoint_itt
reconciled,primary,no_small_arms,aggregate,reml_hksj,reconciled,70,smc_r0.7,not_applicable,endpoint_itt
reconciled,clinician_preferred,no_small_arms,aggregate,reml_hksj,reconciled,71,smc_r0.7,not_applicable,endpoint_itt
reconciled,self_preferred,no_small_arms,aggregate,reml_hksj,reconciled,72,smc_r0.7,not_applicable,endpoint_itt
reconciled,primary,no_kalapatapu,aggregate,reml_hksj,reconciled,73,smc_r0.7,not_applicable,endpoint_itt
reconciled,clinician_preferred,no_kalapatapu,aggregate,reml_hksj,reconciled,74,smc_r0.7,not_applicable,endpoint_itt
reconciled,self_preferred,no_kalapatapu,aggregate,reml_hksj,reconciled,75,smc_r0.7,not_applicable,endpoint_itt
reconciled,primary,all_14,aggregate,pm_hksj,reconciled,76,smc_r0.7,not_applicable,endpoint_itt
reconciled,clinician_preferred,all_14,aggregate,pm_hksj,reconciled,77,smc_r0.7,not_applicable,endpoint_itt
reconciled,self_preferred,all_14,aggregate,pm_hksj,reconciled,78,smc_r0.7,not_applicable,endpoint_itt
reconciled,primary,no_choi,aggregate,pm_hksj,reconciled,79,smc_r0.7,not_applicable,endpoint_itt
reconciled,clinician_preferred,no_choi,aggregate,pm_hksj,reconciled,80,smc_r0.7,not_applicable,endpoint_itt
reconciled,self_preferred,no_choi,aggregate,pm_hksj,reconciled,81,smc_r0.7,not_applicable,endpoint_itt
reconciled,primary,no_moodgym,aggregate,pm_hksj,reconciled,82,smc_r0.7,not_applicable,endpoint_itt
reconciled,clinician_preferred,no_moodgym,aggregate,pm_hksj,reconciled,83,smc_r0.7,not_applicable,endpoint_itt
reconciled,self_preferred,no_moodgym,aggregate,pm_hksj,reconciled,84,smc_r0.7,not_applicable,endpoint_itt
reconciled,primary,no_small_arms,aggregate,pm_hksj,reconciled,85,smc_r0.7,not_applicable,endpoint_itt
reconciled,clinician_preferred,no_small_arms,aggregate,pm_hksj,reconciled,86,smc_r0.7,not_applicable,endpoint_itt
reconciled,self_preferred,no_small_arms,aggregate,pm_hksj,reconciled,87,smc_r0.7,not_applicable,endpoint_itt
reconciled,primary,no_kalapatapu,aggregate,pm_hksj,reconciled,88,smc_r0.7,not_applicable,endpoint_itt
reconciled,clinician_preferred,no_kalapatapu,aggregate,pm_hksj,reconciled,89,smc_r0.7,not_applicable,endpoint_itt
reconciled,self_preferred,no_kalapatapu,aggregate,pm_hksj,reconciled,90,smc_r0.7,not_applicable,endpoint_itt
reconciled,total_wf_2,all_14,modeled,three-level,reconciled,91,smc_r0.7,not_applicable,endpoint_itt
reconciled,total_wf_2,no_choi,modeled,three-level,reconciled,92,smc_r0.7,not_applicable,endpoint_itt
reconciled,total_wf_2,no_moodgym,modeled,three-level,reconciled,93,smc_r0.7,not_applicable,endpoint_itt
reconciled,total_wf_2,no_small_arms,modeled,three-level,reconciled,94,smc_r0.7,not_applicable,endpoint_itt
reconciled,total_wf_2,no_kalapatapu,modeled,three-level,reconciled,95,smc_r0.7,not_applicable,endpoint_itt
reconciled,total_wf_2,all_14,modeled,rve,reconciled,96,smc_r0.7,not_applicable,endpoint_itt
reconciled,total_wf_2,no_choi,modeled,rve,reconciled,97,smc_r0.7,not_applicable,endpoint_itt
reconciled,total_wf_2,no_moodgym,modeled,rve,reconciled,98,smc_r0.7,not_applicable,endpoint_itt
reconciled,total_wf_2,no_small_arms,modeled,rve,reconciled,99,smc_r0.7,not_applicable,endpoint_itt
reconciled,total_wf_2,no_kalapatapu,modeled,rve,reconciled,100,smc_r0.7,not_applicable,endpoint_itt
reconciled,primary,all_14,aggregate,dl,reconciled,1,smc_r0.7,not_applicable,week8_completer
reconciled,clinician_preferred,all_14,aggregate,dl,reconciled,2,smc_r0.7,not_applicable,week8_completer
reconciled,self_preferred,all_14,aggregate,dl,reconciled,3,smc_r0.7,not_applicable,week8_completer
reconciled,primary,no_choi,aggregate,dl,reconciled,4,smc_r0.7,not_applicable,week8_completer
reconciled,clinician_preferred,no_choi,aggregate,dl,reconciled,5,smc_r0.7,not_applicable,week8_completer
reconciled,self_preferred,no_choi,aggregate,dl,reconciled,6,smc_r0.7,not_applicable,week8_completer
reconciled,primary,no_moodgym,aggregate,dl,reconciled,7,smc_r0.7,not_applicable,week8_completer
reconciled,clinician_preferred,no_moodgym,aggregate,dl,reconciled,8,smc_r0.7,not_applicable,week8_completer
reconciled,self_preferred,no_moodgym,aggregate,dl,reconciled,9,smc_r0.7,not_applicable,week8_completer
reconciled,primary,no_small_arms,aggregate,dl,reconciled,10,smc_r0.7,not_applicable,week8_completer
reconciled,clinician_preferred,no_small_arms,aggregate,dl,reconciled,11,smc_r0.7,not_applicable,week8_completer
reconciled,self_preferred,no_small_arms,aggregate,dl,reconciled,12,smc_r0.7,not_applicable,week8_completer
reconciled,primary,no_kalapatapu,aggregate,dl,reconciled,13,smc_r0.7,not_applicable,week8_completer
reconciled,clinician_preferred,no_kalapatapu,aggregate,dl,reconciled,14,smc_r0.7,not_applicable,week8_completer
reconciled,self_preferred,no_kalapatapu,aggregate,dl,reconciled,15,smc_r0.7,not_applicable,week8_completer
reconciled,primary,all_14,aggregate,reml,reconciled,16,smc_r0.7,not_applicable,week8_completer
reconciled,clinician_preferred,all_14,aggregate,reml,reconciled,17,smc_r0.7,not_applicable,week8_completer
reconciled,self_preferred,all_14,aggregate,reml,reconciled,18,smc_r0.7,not_applicable,week8_completer
reconciled,primary,no_choi,aggregate,reml,reconciled,19,smc_r0.7,not_applicable,week8_completer
reconciled,clinician_preferred,no_choi,aggregate,reml,reconciled,20,smc_r0.7,not_applicable,week8_completer
reconciled,self_preferred,no_choi,aggregate,reml,reconciled,21,smc_r0.7,not_applicable,week8_completer
reconciled,primary,no_moodgym,aggregate,reml,reconciled,22,smc_r0.7,not_applicable,week8_completer
reconciled,clinician_preferred,no_moodgym,aggregate,reml,reconciled,23,smc_r0.7,not_applicable,week8_completer
reconciled,self_preferred,no_moodgym,aggregate,reml,reconciled,24,smc_r0.7,not_applicable,week8_completer
reconciled,primary,no_small_arms,aggregate,reml,reconciled,25,smc_r0.7,not_applicable,week8_completer
reconciled,clinician_preferred,no_small_arms,aggregate,reml,reconciled,26,smc_r0.7,not_applicable,week8_completer
reconciled,self_preferred,no_small_arms,aggregate,reml,reconciled,27,smc_r0.7,not_applicable,week8_completer
reconciled,primary,no_kalapatapu,aggregate,reml,reconciled,28,smc_r0.7,not_applicable,week8_completer
reconciled,clinician_preferred,no_kalapatapu,aggregate,reml,reconciled,29,smc_r0.7,not_applicable,week8_completer
reconciled,self_preferred,no_kalapatapu,aggregate,reml,reconciled,30,smc_r0.7,not_applicable,week8_completer
reconciled,primary,all_14,aggregate,pm,reconciled,31,smc_r0.7,not_applicable,week8_completer
reconciled,clinician_preferred,all_14,aggregate,pm,reconciled,32,smc_r0.7,not_applicable,week8_completer
reconciled,self_preferred,all_14,aggregate,pm,reconciled,33,smc_r0.7,not_applicable,week8_completer
reconciled,primary,no_choi,aggregate,pm,reconciled,34,smc_r0.7,not_applicable,week8_completer
reconciled,clinician_preferred,no_choi,aggregate,pm,reconciled,35,smc_r0.7,not_applicable,week8_completer
reconciled,self_preferred,no_choi,aggregate,pm,reconciled,36,smc_r0.7,not_applicable,week8_completer
reconciled,primary,no_moodgym,aggregate,pm,reconciled,37,smc_r0.7,not_applicable,week8_completer
reconciled,clinician_preferred,no_moodgym,aggregate,pm,reconciled,38,smc_r0.7,not_applicable,week8_completer
reconciled,self_preferred,no_moodgym,aggregate,pm,reconciled,39,smc_r0.7,not_applicable,week8_completer
reconciled,primary,no_small_arms,aggregate,pm,reconciled,40,smc_r0.7,not_applicable,week8_completer
reconciled,clinician_preferred,no_small_arms,aggregate,pm,reconciled,41,smc_r0.7,not_applicable,week8_completer
reconciled,self_preferred,no_small_arms,aggregate,pm,reconciled,42,smc_r0.7,not_applicable,week8_completer
reconciled,primary,no_kalapatapu,aggregate,pm,reconciled,43,smc_r0.7,not_applicable,week8_completer
reconciled,clinician_preferred,no_kalapatapu,aggregate,pm,reconciled,44,smc_r0.7,not_applicable,week8_completer
reconciled,self_preferred,no_kalapatapu,aggregate,pm,reconciled,45,smc_r0.7,not_applicable,week8_completer
reconciled,primary,all_14,aggregate,dl_hksj,reconciled,46,smc_r0.7,not_applicable,week8_completer
reconciled,clinician_preferred,all_14,aggregate,dl_hksj,reconciled,47,smc_r0.7,not_applicable,week8_completer
reconciled,self_preferred,all_14,aggregate,dl_hksj,reconciled,48,smc_r0.7,not_applicable,week8_completer
reconciled,primary,no_choi,aggregate,dl_hksj,reconciled,49,smc_r0.7,not_applicable,week8_completer
reconciled,clinician_preferred,no_choi,aggregate,dl_hksj,reconciled,50,smc_r0.7,not_applicable,week8_completer
reconciled,self_preferred,no_choi,aggregate,dl_hksj,reconciled,51,smc_r0.7,not_applicable,week8_completer
reconciled,primary,no_moodgym,aggregate,dl_hksj,reconciled,52,smc_r0.7,not_applicable,week8_completer
reconciled,clinician_preferred,no_moodgym,aggregate,dl_hksj,reconciled,53,smc_r0.7,not_applicable,week8_completer
reconciled,self_preferred,no_moodgym,aggregate,dl_hksj,reconciled,54,smc_r0.7,not_applicable,week8_completer
reconciled,primary,no_small_arms,aggregate,dl_hksj,reconciled,55,smc_r0.7,not_applicable,week8_completer
reconciled,clinician_preferred,no_small_arms,aggregate,dl_hksj,reconciled,56,smc_r0.7,not_applicable,week8_completer
reconciled,self_preferred,no_small_arms,aggregate,dl_hksj,reconciled,57,smc_r0.7,not_applicable,week8_completer
reconciled,primary,no_kalapatapu,aggregate,dl_hksj,reconciled,58,smc_r0.7,not_applicable,week8_completer
reconciled,clinician_preferred,no_kalapatapu,aggregate,dl_hksj,reconciled,59,smc_r0.7,not_applicable,week8_completer
reconciled,self_preferred,no_kalapatapu,aggregate,dl_hksj,reconciled,60,smc_r0.7,not_applicable,week8_completer
reconciled,primary,all_14,aggregate,reml_hksj,reconciled,61,smc_r0.7,not_applicable,week8_completer
reconciled,clinician_preferred,all_14,aggregate,reml_hksj,reconciled,62,smc_r0.7,not_applicable,week8_completer
reconciled,self_preferred,all_14,aggregate,reml_hksj,reconciled,63,smc_r0.7,not_applicable,week8_completer
reconciled,primary,no_choi,aggregate,reml_hksj,reconciled,64,smc_r0.7,not_applicable,week8_completer
reconciled,clinician_preferred,no_choi,aggregate,reml_hksj,reconciled,65,smc_r0.7,not_applicable,week8_completer
reconciled,self_preferred,no_choi,aggregate,reml_hksj,reconciled,66,smc_r0.7,not_applicable,week8_completer
reconciled,primary,no_moodgym,aggregate,reml_hksj,reconciled,67,smc_r0.7,not_applicable,week8_completer
reconciled,clinician_preferred,no_moodgym,aggregate,reml_hksj,reconciled,68,smc_r0.7,not_applicable,week8_completer
reconciled,self_preferred,no_moodgym,aggregate,reml_hksj,reconciled,69,smc_r0.7,not_applicable,week8_completer
reconciled,primary,no_small_arms,aggregate,reml_hksj,reconciled,70,smc_r0.7,not_applicable,week8_completer
reconciled,clinician_preferred,no_small_arms,aggregate,reml_hksj,reconciled,71,smc_r0.7,not_applicable,week8_completer
reconciled,self_preferred,no_small_arms,aggregate,reml_hksj,reconciled,72,smc_r0.7,not_applicable,week8_completer
reconciled,primary,no_kalapatapu,aggregate,reml_hksj,reconciled,73,smc_r0.7,not_applicable,week8_completer
reconciled,clinician_preferred,no_kalapatapu,aggregate,reml_hksj,reconciled,74,smc_r0.7,not_applicable,week8_completer
reconciled,self_preferred,no_kalapatapu,aggregate,reml_hksj,reconciled,75,smc_r0.7,not_applicable,week8_completer
reconciled,primary,all_14,aggregate,pm_hksj,reconciled,76,smc_r0.7,not_applicable,week8_completer
reconciled,clinician_preferred,all_14,aggregate,pm_hksj,reconciled,77,smc_r0.7,not_applicable,week8_completer
reconciled,self_preferred,all_14,aggregate,pm_hksj,reconciled,78,smc_r0.7,not_applicable,week8_completer
reconciled,primary,no_choi,aggregate,pm_hksj,reconciled,79,smc_r0.7,not_applicable,week8_completer
reconciled,clinician_preferred,no_choi,aggregate,pm_hksj,reconciled,80,smc_r0.7,not_applicable,week8_completer
reconciled,self_preferred,no_choi,aggregate,pm_hksj,reconciled,81,smc_r0.7,not_applicable,week8_completer
reconciled,primary,no_moodgym,aggregate,pm_hksj,reconciled,82,smc_r0.7,not_applicable,week8_completer
reconciled,clinician_preferred,no_moodgym,aggregate,pm_hksj,reconciled,83,smc_r0.7,not_applicable,week8_completer
reconciled,self_preferred,no_moodgym,aggregate,pm_hksj,reconciled,84,smc_r0.7,not_applicable,week8_completer
reconciled,primary,no_small_arms,aggregate,pm_hksj,reconciled,85,smc_r0.7,not_applicable,week8_completer
reconciled,clinician_preferred,no_small_arms,aggregate,pm_hksj,reconciled,86,smc_r0.7,not_applicable,week8_completer
reconciled,self_preferred,no_small_arms,aggregate,pm_hksj,reconciled,87,smc_r0.7,not_applicable,week8_completer
reconciled,primary,no_kalapatapu,aggregate,pm_hksj,reconciled,88,smc_r0.7,not_applicable,week8_completer
reconciled,clinician_preferred,no_kalapatapu,aggregate,pm_hksj,reconciled,89,smc_r0.7,not_applicable,week8_completer
reconciled,self_preferred,no_kalapatapu,aggregate,pm_hksj,reconciled,90,smc_r0.7,not_applicable,week8_completer
reconciled,total_wf_2,all_14,modeled,three-level,reconciled,91,smc_r0.7,not_applicable,week8_completer
reconciled,total_wf_2,no_choi,modeled,three-level,reconciled,92,smc_r0.7,not_applicable,week8_completer
reconciled,total_wf_2,no_moodgym,modeled,three-level,reconciled,93,smc_r0.7,not_applicable,week8_completer
reconciled,total_wf_2,no_small_arms,modeled,three-level,reconciled,94,smc_r0.7,not_applicable,week8_completer
reconciled,total_wf_2,no_kalapatapu,modeled,three-level,reconciled,95,smc_r0.7,not_applicable,week8_completer
reconciled,total_wf_2,all_14,modeled,rve,reconciled,96,smc_r0.7,not_applicable,week8_completer
reconciled,total_wf_2,no_choi,modeled,rve,reconciled,97,smc_r0.7,not_applicable,week8_completer
reconciled,total_wf_2,no_moodgym,modeled,rve,reconciled,98,smc_r0.7,not_applicable,week8_completer
reconciled,total_wf_2,no_small_arms,modeled,rve,reconciled,99,smc_r0.7,not_applicable,week8_completer
reconciled,total_wf_2,no_kalapatapu,modeled,rve,reconciled,100,smc_r0.7,not_applicable,week8_completer
reconciled,primary,all_14,aggregate,dl,reconciled,1,smc_r0.9,not_applicable,endpoint_itt
reconciled,clinician_preferred,all_14,aggregate,dl,reconciled,2,smc_r0.9,not_applicable,endpoint_itt
reconciled,self_preferred,all_14,aggregate,dl,reconciled,3,smc_r0.9,not_applicable,endpoint_itt
reconciled,primary,no_choi,aggregate,dl,reconciled,4,smc_r0.9,not_applicable,endpoint_itt
reconciled,clinician_preferred,no_choi,aggregate,dl,reconciled,5,smc_r0.9,not_applicable,endpoint_itt
reconciled,self_preferred,no_choi,aggregate,dl,reconciled,6,smc_r0.9,not_applicable,endpoint_itt
reconciled,primary,no_moodgym,aggregate,dl,reconciled,7,smc_r0.9,not_applicable,endpoint_itt
reconciled,clinician_preferred,no_moodgym,aggregate,dl,reconciled,8,smc_r0.9,not_applicable,endpoint_itt
reconciled,self_preferred,no_moodgym,aggregate,dl,reconciled,9,smc_r0.9,not_applicable,endpoint_itt
reconciled,primary,no_small_arms,aggregate,dl,reconciled,10,smc_r0.9,not_applicable,endpoint_itt
reconciled,clinician_preferred,no_small_arms,aggregate,dl,reconciled,11,smc_r0.9,not_applicable,endpoint_itt
reconciled,self_preferred,no_small_arms,aggregate,dl,reconciled,12,smc_r0.9,not_applicable,endpoint_itt
reconciled,primary,no_kalapatapu,aggregate,dl,reconciled,13,smc_r0.9,not_applicable,endpoint_itt
reconciled,clinician_preferred,no_kalapatapu,aggregate,dl,reconciled,14,smc_r0.9,not_applicable,endpoint_itt
reconciled,self_preferred,no_kalapatapu,aggregate,dl,reconciled,15,smc_r0.9,not_applicable,endpoint_itt
reconciled,primary,all_14,aggregate,reml,reconciled,16,smc_r0.9,not_applicable,endpoint_itt
reconciled,clinician_preferred,all_14,aggregate,reml,reconciled,17,smc_r0.9,not_applicable,endpoint_itt
reconciled,self_preferred,all_14,aggregate,reml,reconciled,18,smc_r0.9,not_applicable,endpoint_itt
reconciled,primary,no_choi,aggregate,reml,reconciled,19,smc_r0.9,not_applicable,endpoint_itt
reconciled,clinician_preferred,no_choi,aggregate,reml,reconciled,20,smc_r0.9,not_applicable,endpoint_itt
reconciled,self_preferred,no_choi,aggregate,reml,reconciled,21,smc_r0.9,not_applicable,endpoint_itt
reconciled,primary,no_moodgym,aggregate,reml,reconciled,22,smc_r0.9,not_applicable,endpoint_itt
reconciled,clinician_preferred,no_moodgym,aggregate,reml,reconciled,23,smc_r0.9,not_applicable,endpoint_itt
reconciled,self_preferred,no_moodgym,aggregate,reml,reconciled,24,smc_r0.9,not_applicable,endpoint_itt
reconciled,primary,no_small_arms,aggregate,reml,reconciled,25,smc_r0.9,not_applicable,endpoint_itt
reconciled,clinician_preferred,no_small_arms,aggregate,reml,reconciled,26,smc_r0.9,not_applicable,endpoint_itt
reconciled,self_preferred,no_small_arms,aggregate,reml,reconciled,27,smc_r0.9,not_applicable,endpoint_itt
reconciled,primary,no_kalapatapu,aggregate,reml,reconciled,28,smc_r0.9,not_applicable,endpoint_itt
reconciled,clinician_preferred,no_kalapatapu,aggregate,reml,reconciled,29,smc_r0.9,not_applicable,endpoint_itt
reconciled,self_preferred,no_kalapatapu,aggregate,reml,reconciled,30,smc_r0.9,not_applicable,endpoint_itt
reconciled,primary,all_14,aggregate,pm,reconciled,31,smc_r0.9,not_applicable,endpoint_itt
reconciled,clinician_preferred,all_14,aggregate,pm,reconciled,32,smc_r0.9,not_applicable,endpoint_itt
reconciled,self_preferred,all_14,aggregate,pm,reconciled,33,smc_r0.9,not_applicable,endpoint_itt
reconciled,primary,no_choi,aggregate,pm,reconciled,34,smc_r0.9,not_applicable,endpoint_itt
reconciled,clinician_preferred,no_choi,aggregate,pm,reconciled,35,smc_r0.9,not_applicable,endpoint_itt
reconciled,self_preferred,no_choi,aggregate,pm,reconciled,36,smc_r0.9,not_applicable,endpoint_itt
reconciled,primary,no_moodgym,aggregate,pm,reconciled,37,smc_r0.9,not_applicable,endpoint_itt
reconciled,clinician_preferred,no_moodgym,aggregate,pm,reconciled,38,smc_r0.9,not_applicable,endpoint_itt
reconciled,self_preferred,no_moodgym,aggregate,pm,reconciled,39,smc_r0.9,not_applicable,endpoint_itt
reconciled,primary,no_small_arms,aggregate,pm,reconciled,40,smc_r0.9,not_applicable,endpoint_itt
reconciled,clinician_preferred,no_small_arms,aggregate,pm,reconciled,41,smc_r0.9,not_applicable,endpoint_itt
reconciled,self_preferred,no_small_arms,aggregate,pm,reconciled,42,smc_r0.9,not_applicable,endpoint_itt
reconciled,primary,no_kalapatapu,aggregate,pm,reconciled,43,smc_r0.9,not_applicable,endpoint_itt
reconciled,clinician_preferred,no_kalapatapu,aggregate,pm,reconciled,44,smc_r0.9,not_applicable,endpoint_itt
reconciled,self_preferred,no_kalapatapu,aggregate,pm,reconciled,45,smc_r0.9,not_applicable,endpoint_itt
reconciled,primary,all_14,aggregate,dl_hksj,reconciled,46,smc_r0.9,not_applicable,endpoint_itt
reconciled,clinician_preferred,all_14,aggregate,dl_hksj,reconciled,47,smc_r0.9,not_applicable,endpoint_itt
reconciled,self_preferred,all_14,aggregate,dl_hksj,reconciled,48,smc_r0.9,not_applicable,endpoint_itt
reconciled,primary,no_choi,aggregate,dl_hksj,reconciled,49,smc_r0.9,not_applicable,endpoint_itt
reconciled,clinician_preferred,no_choi,aggregate,dl_hksj,reconciled,50,smc_r0.9,not_applicable,endpoint_itt
reconciled,self_preferred,no_choi,aggregate,dl_hksj,reconciled,51,smc_r0.9,not_applicable,endpoint_itt
reconciled,primary,no_moodgym,aggregate,dl_hksj,reconciled,52,smc_r0.9,not_applicable,endpoint_itt
reconciled,clinician_preferred,no_moodgym,aggregate,dl_hksj,reconciled,53,smc_r0.9,not_applicable,endpoint_itt
reconciled,self_preferred,no_moodgym,aggregate,dl_hksj,reconciled,54,smc_r0.9,not_applicable,endpoint_itt
reconciled,primary,no_small_arms,aggregate,dl_hksj,reconciled,55,smc_r0.9,not_applicable,endpoint_itt
reconciled,clinician_preferred,no_small_arms,aggregate,dl_hksj,reconciled,56,smc_r0.9,not_applicable,endpoint_itt
reconciled,self_preferred,no_small_arms,aggregate,dl_hksj,reconciled,57,smc_r0.9,not_applicable,endpoint_itt
reconciled,primary,no_kalapatapu,aggregate,dl_hksj,reconciled,58,smc_r0.9,not_applicable,endpoint_itt
reconciled,clinician_preferred,no_kalapatapu,aggregate,dl_hksj,reconciled,59,smc_r0.9,not_applicable,endpoint_itt
reconciled,self_preferred,no_kalapatapu,aggregate,dl_hksj,reconciled,60,smc_r0.9,not_applicable,endpoint_itt
reconciled,primary,all_14,aggregate,reml_hksj,reconciled,61,smc_r0.9,not_applicable,endpoint_itt
reconciled,clinician_preferred,all_14,aggregate,reml_hksj,reconciled,62,smc_r0.9,not_applicable,endpoint_itt
reconciled,self_preferred,all_14,aggregate,reml_hksj,reconciled,63,smc_r0.9,not_applicable,endpoint_itt
reconciled,primary,no_choi,aggregate,reml_hksj,reconciled,64,smc_r0.9,not_applicable,endpoint_itt
reconciled,clinician_preferred,no_choi,aggregate,reml_hksj,reconciled,65,smc_r0.9,not_applicable,endpoint_itt
reconciled,self_preferred,no_choi,aggregate,reml_hksj,reconciled,66,smc_r0.9,not_applicable,endpoint_itt
reconciled,primary,no_moodgym,aggregate,reml_hksj,reconciled,67,smc_r0.9,not_applicable,endpoint_itt
reconciled,clinician_preferred,no_moodgym,aggregate,reml_hksj,reconciled,68,smc_r0.9,not_applicable,endpoint_itt
reconciled,self_preferred,no_moodgym,aggregate,reml_hksj,reconciled,69,smc_r0.9,not_applicable,endpoint_itt
reconciled,primary,no_small_arms,aggregate,reml_hksj,reconciled,70,smc_r0.9,not_applicable,endpoint_itt
reconciled,clinician_preferred,no_small_arms,aggregate,reml_hksj,reconciled,71,smc_r0.9,not_applicable,endpoint_itt
reconciled,self_preferred,no_small_arms,aggregate,reml_hksj,reconciled,72,smc_r0.9,not_applicable,endpoint_itt
reconciled,primary,no_kalapatapu,aggregate,reml_hksj,reconciled,73,smc_r0.9,not_applicable,endpoint_itt
reconciled,clinician_preferred,no_kalapatapu,aggregate,reml_hksj,reconciled,74,smc_r0.9,not_applicable,endpoint_itt
reconciled,self_preferred,no_kalapatapu,aggregate,reml_hksj,reconciled,75,smc_r0.9,not_applicable,endpoint_itt
reconciled,primary,all_14,aggregate,pm_hksj,reconciled,76,smc_r0.9,not_applicable,endpoint_itt
reconciled,clinician_preferred,all_14,aggregate,pm_hksj,reconciled,77,smc_r0.9,not_applicable,endpoint_itt
reconciled,self_preferred,all_14,aggregate,pm_hksj,reconciled,78,smc_r0.9,not_applicable,endpoint_itt
reconciled,primary,no_choi,aggregate,pm_hksj,reconciled,79,smc_r0.9,not_applicable,endpoint_itt
reconciled,clinician_preferred,no_choi,aggregate,pm_hksj,reconciled,80,smc_r0.9,not_applicable,endpoint_itt
reconciled,self_preferred,no_choi,aggregate,pm_hksj,reconciled,81,smc_r0.9,not_applicable,endpoint_itt
reconciled,primary,no_moodgym,aggregate,pm_hksj,reconciled,82,smc_r0.9,not_applicable,endpoint_itt
reconciled,clinician_preferred,no_moodgym,aggregate,pm_hksj,reconciled,83,smc_r0.9,not_applicable,endpoint_itt
reconciled,self_preferred,no_moodgym,aggregate,pm_hksj,reconciled,84,smc_r0.9,not_applicable,endpoint_itt
reconciled,primary,no_small_arms,aggregate,pm_hksj,reconciled,85,smc_r0.9,not_applicable,endpoint_itt
reconciled,clinician_preferred,no_small_arms,aggregate,pm_hksj,reconciled,86,smc_r0.9,not_applicable,endpoint_itt
reconciled,self_preferred,no_small_arms,aggregate,pm_hksj,reconciled,87,smc_r0.9,not_applicable,endpoint_itt
reconciled,primary,no_kalapatapu,aggregate,pm_hksj,reconciled,88,smc_r0.9,not_applicable,endpoint_itt
reconciled,clinician_preferred,no_kalapatapu,aggregate,pm_hksj,reconciled,89,smc_r0.9,not_applicable,endpoint_itt
reconciled,self_preferred,no_kalapatapu,aggregate,pm_hksj,reconciled,90,smc_r0.9,not_applicable,endpoint_itt
reconciled,total_wf_2,all_14,modeled,three-level,reconciled,91,smc_r0.9,not_applicable,endpoint_itt
reconciled,total_wf_2,no_choi,modeled,three-level,reconciled,92,smc_r0.9,not_applicable,endpoint_itt
reconciled,total_wf_2,no_moodgym,modeled,three-level,reconciled,93,smc_r0.9,not_applicable,endpoint_itt
reconciled,total_wf_2,no_small_arms,modeled,three-level,reconciled,94,smc_r0.9,not_applicable,endpoint_itt
reconciled,total_wf_2,no_kalapatapu,modeled,three-level,reconciled,95,smc_r0.9,not_applicable,endpoint_itt
reconciled,total_wf_2,all_14,modeled,rve,reconciled,96,smc_r0.9,not_applicable,endpoint_itt
reconciled,total_wf_2,no_choi,modeled,rve,reconciled,97,smc_r0.9,not_applicable,endpoint_itt
reconciled,total_wf_2,no_moodgym,modeled,rve,reconciled,98,smc_r0.9,not_applicable,endpoint_itt
reconciled,total_wf_2,no_small_arms,modeled,rve,reconciled,99,smc_r0.9,not_applicable,endpoint_itt
reconciled,total_wf_2,no_kalapatapu,modeled,rve,reconciled,100,smc_r0.9,not_applicable,endpoint_itt
reconciled,primary,all_14,aggregate,dl,reconciled,1,smc_r0.9,not_applicable,week8_completer
reconciled,clinician_preferred,all_14,aggregate,dl,reconciled,2,smc_r0.9,not_applicable,week8_completer
reconciled,self_preferred,all_14,aggregate,dl,reconciled,3,smc_r0.9,not_applicable,week8_completer
reconciled,primary,no_choi,aggregate,dl,reconciled,4,smc_r0.9,not_applicable,week8_completer
reconciled,clinician_preferred,no_choi,aggregate,dl,reconciled,5,smc_r0.9,not_applicable,week8_completer
reconciled,self_preferred,no_choi,aggregate,dl,reconciled,6,smc_r0.9,not_applicable,week8_completer
reconciled,primary,no_moodgym,aggregate,dl,reconciled,7,smc_r0.9,not_applicable,week8_completer
reconciled,clinician_preferred,no_moodgym,aggregate,dl,reconciled,8,smc_r0.9,not_applicable,week8_completer
reconciled,self_preferred,no_moodgym,aggregate,dl,reconciled,9,smc_r0.9,not_applicable,week8_completer
reconciled,primary,no_small_arms,aggregate,dl,reconciled,10,smc_r0.9,not_applicable,week8_completer
reconciled,clinician_preferred,no_small_arms,aggregate,dl,reconciled,11,smc_r0.9,not_applicable,week8_completer
reconciled,self_preferred,no_small_arms,aggregate,dl,reconciled,12,smc_r0.9,not_applicable,week8_completer
reconciled,primary,no_kalapatapu,aggregate,dl,reconciled,13,smc_r0.9,not_applicable,week8_completer
reconciled,clinician_preferred,no_kalapatapu,aggregate,dl,reconciled,14,smc_r0.9,not_applicable,week8_completer
reconciled,self_preferred,no_kalapatapu,aggregate,dl,reconciled,15,smc_r0.9,not_applicable,week8_completer
reconciled,primary,all_14,aggregate,reml,reconciled,16,smc_r0.9,not_applicable,week8_completer
reconciled,clinician_preferred,all_14,aggregate,reml,reconciled,17,smc_r0.9,not_applicable,week8_completer
reconciled,self_preferred,all_14,aggregate,reml,reconciled,18,smc_r0.9,not_applicable,week8_completer
reconciled,primary,no_choi,aggregate,reml,reconciled,19,smc_r0.9,not_applicable,week8_completer
reconciled,clinician_preferred,no_choi,aggregate,reml,reconciled,20,smc_r0.9,not_applicable,week8_completer
reconciled,self_preferred,no_choi,aggregate,reml,reconciled,21,smc_r0.9,not_applicable,week8_completer
reconciled,primary,no_moodgym,aggregate,reml,reconciled,22,smc_r0.9,not_applicable,week8_completer
reconciled,clinician_preferred,no_moodgym,aggregate,reml,reconciled,23,smc_r0.9,not_applicable,week8_completer
reconciled,self_preferred,no_moodgym,aggregate,reml,reconciled,24,smc_r0.9,not_applicable,week8_completer
reconciled,primary,no_small_arms,aggregate,reml,reconciled,25,smc_r0.9,not_applicable,week8_completer
reconciled,clinician_preferred,no_small_arms,aggregate,reml,reconciled,26,smc_r0.9,not_applicable,week8_completer
reconciled,self_preferred,no_small_arms,aggregate,reml,reconciled,27,smc_r0.9,not_applicable,week8_completer
reconciled,primary,no_kalapatapu,aggregate,reml,reconciled,28,smc_r0.9,not_applicable,week8_completer
reconciled,clinician_preferred,no_kalapatapu,aggregate,reml,reconciled,29,smc_r0.9,not_applicable,week8_completer
reconciled,self_preferred,no_kalapatapu,aggregate,reml,reconciled,30,smc_r0.9,not_applicable,week8_completer
reconciled,primary,all_14,aggregate,pm,reconciled,31,smc_r0.9,not_applicable,week8_completer
reconciled,clinician_preferred,all_14,aggregate,pm,reconciled,32,smc_r0.9,not_applicable,week8_completer
reconciled,self_preferred,all_14,aggregate,pm,reconciled,33,smc_r0.9,not_applicable,week8_completer
reconciled,primary,no_choi,aggregate,pm,reconciled,34,smc_r0.9,not_applicable,week8_completer
reconciled,clinician_preferred,no_choi,aggregate,pm,reconciled,35,smc_r0.9,not_applicable,week8_completer
reconciled,self_preferred,no_choi,aggregate,pm,reconciled,36,smc_r0.9,not_applicable,week8_completer
reconciled,primary,no_moodgym,aggregate,pm,reconciled,37,smc_r0.9,not_applicable,week8_completer
reconciled,clinician_preferred,no_moodgym,aggregate,pm,reconciled,38,smc_r0.9,not_applicable,week8_completer
reconciled,self_preferred,no_moodgym,aggregate,pm,reconciled,39,smc_r0.9,not_applicable,week8_completer
reconciled,primary,no_small_arms,aggregate,pm,reconciled,40,smc_r0.9,not_applicable,week8_completer
reconciled,clinician_preferred,no_small_arms,aggregate,pm,reconciled,41,smc_r0.9,not_applicable,week8_completer
reconciled,self_preferred,no_small_arms,aggregate,pm,reconciled,42,smc_r0.9,not_applicable,week8_completer
reconciled,primary,no_kalapatapu,aggregate,pm,reconciled,43,smc_r0.9,not_applicable,week8_completer
reconciled,clinician_preferred,no_kalapatapu,aggregate,pm,reconciled,44,smc_r0.9,not_applicable,week8_completer
reconciled,self_preferred,no_kalapatapu,aggregate,pm,reconciled,45,smc_r0.9,not_applicable,week8_completer
reconciled,primary,all_14,aggregate,dl_hksj,reconciled,46,smc_r0.9,not_applicable,week8_completer
reconciled,clinician_preferred,all_14,aggregate,dl_hksj,reconciled,47,smc_r0.9,not_applicable,week8_completer
reconciled,self_preferred,all_14,aggregate,dl_hksj,reconciled,48,smc_r0.9,not_applicable,week8_completer
reconciled,primary,no_choi,aggregate,dl_hksj,reconciled,49,smc_r0.9,not_applicable,week8_completer
reconciled,clinician_preferred,no_choi,aggregate,dl_hksj,reconciled,50,smc_r0.9,not_applicable,week8_completer
reconciled,self_preferred,no_choi,aggregate,dl_hksj,reconciled,51,smc_r0.9,not_applicable,week8_completer
reconciled,primary,no_moodgym,aggregate,dl_hksj,reconciled,52,smc_r0.9,not_applicable,week8_completer
reconciled,clinician_preferred,no_moodgym,aggregate,dl_hksj,reconciled,53,smc_r0.9,not_applicable,week8_completer
reconciled,self_preferred,no_moodgym,aggregate,dl_hksj,reconciled,54,smc_r0.9,not_applicable,week8_completer
reconciled,primary,no_small_arms,aggregate,dl_hksj,reconciled,55,smc_r0.9,not_applicable,week8_completer
reconciled,clinician_preferred,no_small_arms,aggregate,dl_hksj,reconciled,56,smc_r0.9,not_applicable,week8_completer
reconciled,self_preferred,no_small_arms,aggregate,dl_hksj,reconciled,57,smc_r0.9,not_applicable,week8_completer
reconciled,primary,no_kalapatapu,aggregate,dl_hksj,reconciled,58,smc_r0.9,not_applicable,week8_completer
reconciled,clinician_preferred,no_kalapatapu,aggregate,dl_hksj,reconciled,59,smc_r0.9,not_applicable,week8_completer
reconciled,self_preferred,no_kalapatapu,aggregate,dl_hksj,reconciled,60,smc_r0.9,not_applicable,week8_completer
reconciled,primary,all_14,aggregate,reml_hksj,reconciled,61,smc_r0.9,not_applicable,week8_completer
reconciled,clinician_preferred,all_14,aggregate,reml_hksj,reconciled,62,smc_r0.9,not_applicable,week8_completer
reconciled,self_preferred,all_14,aggregate,reml_hksj,reconciled,63,smc_r0.9,not_applicable,week8_completer
reconciled,primary,no_choi,aggregate,reml_hksj,reconciled,64,smc_r0.9,not_applicable,week8_completer
reconciled,clinician_preferred,no_choi,aggregate,reml_hksj,reconciled,65,smc_r0.9,not_applicable,week8_completer
reconciled,self_preferred,no_choi,aggregate,reml_hksj,reconciled,66,smc_r0.9,not_applicable,week8_completer
reconciled,primary,no_moodgym,aggregate,reml_hksj,reconciled,67,smc_r0.9,not_applicable,week8_completer
reconciled,clinician_preferred,no_moodgym,aggregate,reml_hksj,reconciled,68,smc_r0.9,not_applicable,week8_completer
reconciled,self_preferred,no_moodgym,aggregate,reml_hksj,reconciled,69,smc_r0.9,not_applicable,week8_completer
reconciled,primary,no_small_arms,aggregate,reml_hksj,reconciled,70,smc_r0.9,not_applicable,week8_completer
reconciled,clinician_preferred,no_small_arms,aggregate,reml_hksj,reconciled,71,smc_r0.9,not_applicable,week8_completer
reconciled,self_preferred,no_small_arms,aggregate,reml_hksj,reconciled,72,smc_r0.9,not_applicable,week8_completer
reconciled,primary,no_kalapatapu,aggregate,reml_hksj,reconciled,73,smc_r0.9,not_applicable,week8_completer
reconciled,clinician_preferred,no_kalapatapu,aggregate,reml_hksj,reconciled,74,smc_r0.9,not_applicable,week8_completer
reconciled,self_preferred,no_kalapatapu,aggregate,reml_hksj,reconciled,75,smc_r0.9,not_applicable,week8_completer
reconciled,primary,all_14,aggregate,pm_hksj,reconciled,76,smc_r0.9,not_applicable,week8_completer
reconciled,clinician_preferred,all_14,aggregate,pm_hksj,reconciled,77,smc_r0.9,not_applicable,week8_completer
reconciled,self_preferred,all_14,aggregate,pm_hksj,reconciled,78,smc_r0.9,not_applicable,week8_completer
reconciled,primary,no_choi,aggregate,pm_hksj,reconciled,79,smc_r0.9,not_applicable,week8_completer
reconciled,clinician_preferred,no_choi,aggregate,pm_hksj,reconciled,80,smc_r0.9,not_applicable,week8_completer
reconciled,self_preferred,no_choi,aggregate,pm_hksj,reconciled,81,smc_r0.9,not_applicable,week8_completer
reconciled,primary,no_moodgym,aggregate,pm_hksj,reconciled,82,smc_r0.9,not_applicable,week8_completer
reconciled,clinician_preferred,no_moodgym,aggregate,pm_hksj,reconciled,83,smc_r0.9,not_applicable,week8_completer
reconciled,self_preferred,no_moodgym,aggregate,pm_hksj,reconciled,84,smc_r0.9,not_applicable,week8_completer
reconciled,primary,no_small_arms,aggregate,pm_hksj,reconciled,85,smc_r0.9,not_applicable,week8_completer
reconciled,clinician_preferred,no_small_arms,aggregate,pm_hksj,reconciled,86,smc_r0.9,not_applicable,week8_completer
reconciled,self_preferred,no_small_arms,aggregate,pm_hksj,reconciled,87,smc_r0.9,not_applicable,week8_completer
reconciled,primary,no_kalapatapu,aggregate,pm_hksj,reconciled,88,smc_r0.9,not_applicable,week8_completer
reconciled,clinician_preferred,no_kalapatapu,aggregate,pm_hksj,reconciled,89,smc_r0.9,not_applicable,week8_completer
reconciled,self_preferred,no_kalapatapu,aggregate,pm_hksj,reconciled,90,smc_r0.9,not_applicable,week8_completer
reconciled,total_wf_2,all_14,modeled,three-level,reconciled,91,smc_r0.9,not_applicable,week8_completer
reconciled,total_wf_2,no_choi,modeled,three-level,reconciled,92,smc_r0.9,not_applicable,week8_completer
reconciled,total_wf_2,no_moodgym,modeled,three-level,reconciled,93,smc_r0.9,not_applicable,week8_completer
reconciled,total_wf_2,no_small_arms,modeled,three-level,reconciled,94,smc_r0.9,not_applicable,week8_completer
reconciled,total_wf_2,no_kalapatapu,modeled,three-level,reconciled,95,smc_r0.9,not_applicable,week8_completer
reconciled,total_wf_2,all_14,modeled,rve,reconciled,96,smc_r0.9,not_applicable,week8_completer
reconciled,total_wf_2,no_choi,modeled,rve,reconciled,97,smc_r0.9,not_applicable,week8_completer
reconciled,total_wf_2,no_moodgym,modeled,rve,reconciled,98,smc_r0.9,not_applicable,week8_completer
reconciled,total_wf_2,no_small_arms,modeled,rve,reconciled,99,smc_r0.9,not_applicable,week8_completer
reconciled,total_wf_2,no_kalapatapu,modeled,rve,reconciled,100,smc_r0.9,not_applicable,week8_completer
